PARENT_NAME,PAYER_NAME,PAYER_ID,CREATED_AT
BlueCross BlueShield Tennessee,Shared Health,1162,2026-03-02 07:06:46.961 -0500
BlueCross BlueShield Tennessee,,,2026-03-02 07:06:46.961 -0500
BlueCross BlueShield Wyoming,BlueCross BlueShield Wyoming,92,2026-03-02 07:06:46.961 -0500
BlueCross BlueShield Wyoming,,,2026-03-02 07:06:46.961 -0500
BlueCross Idaho,BlueCross Idaho,100,2026-03-02 07:06:46.961 -0500
BlueCross Idaho,,,2026-03-02 07:06:46.961 -0500
Bluegrass Care Navigators,Bluegrass PACE Care,1200,2026-03-02 07:06:46.961 -0500
Bluegrass Care Navigators,,,2026-03-02 07:06:46.961 -0500
Bluestem Communities,Bluestem PACE,1056,2026-03-02 07:06:46.961 -0500
Bluestem Communities,,,2026-03-02 07:06:46.961 -0500
BoldAge PACE,Beacon of LIFE,1011,2026-03-02 07:06:46.961 -0500
BoldAge PACE,,,2026-03-02 07:06:46.961 -0500
Boston Medical Center,WellSense Health,970,2026-03-02 07:06:46.961 -0500
Boston Medical Center,,,2026-03-02 07:06:46.961 -0500
Broward Health and Memorial Healthcare,Community Care,811,2026-03-02 07:06:46.961 -0500
Broward Health and Memorial Healthcare,,,2026-03-02 07:06:46.961 -0500
C and O Employees' Hospital Association,C and O Employees' Hospital Association,108,2026-03-02 07:06:46.961 -0500
C and O Employees' Hospital Association,,,2026-03-02 07:06:46.961 -0500
CHRISTUS Health,CHRISTUS Health,870,2026-03-02 07:06:46.961 -0500
CHRISTUS Health,,,2026-03-02 07:06:46.961 -0500
CVS Health,Aetna,8,2026-03-02 07:06:46.961 -0500
CVS Health,,,2026-03-02 07:06:46.961 -0500
Calvo's Insurance Underwriters,Calvo's SelectCare,1028,2026-03-02 07:06:46.961 -0500
Calvo's Insurance Underwriters,,,2026-03-02 07:06:46.961 -0500
Cambia Health Solutions,Asuris Northwest Health,51,2026-03-02 07:06:46.961 -0500
Cambia Health Solutions,BridgeSpan Health,1167,2026-03-02 07:06:46.961 -0500
Cambia Health Solutions,Regence BlueCross BlueShield (OR),521,2026-03-02 07:06:46.961 -0500
Cambia Health Solutions,Regence BlueCross BlueShield (UT),522,2026-03-02 07:06:46.961 -0500
Cambia Health Solutions,Regence BlueShield (ID),520,2026-03-02 07:06:46.961 -0500
Cambia Health Solutions,Regence BlueShield (WA),523,2026-03-02 07:06:46.961 -0500
Cambia Health Solutions,,,2026-03-02 07:06:46.961 -0500
Cambridge Health,Elder Service / Cambridge Health,203,2026-03-02 07:06:46.961 -0500
Cambridge Health,,,2026-03-02 07:06:46.961 -0500
Capital BlueCross,Avalon,1035,2026-03-02 07:06:46.961 -0500
Capital BlueCross,Capital BlueCross,115,2026-03-02 07:06:46.961 -0500
Capital BlueCross,,,2026-03-02 07:06:46.961 -0500
Capital District Physicians' Health Plan,Capital District Physicians' Health Plan,116,2026-03-02 07:06:46.961 -0500
Capital District Physicians' Health Plan,,,2026-03-02 07:06:46.961 -0500
Capital Healthcare,Capital Health LIFE,790,2026-03-02 07:06:46.961 -0500
Capital Healthcare,,,2026-03-02 07:06:46.961 -0500
Care Resources,Care Resources,121,2026-03-02 07:06:46.961 -0500
Care Resources,,,2026-03-02 07:06:46.961 -0500
CareFirst,CareFirst BlueCross BlueShield,122,2026-03-02 07:06:46.961 -0500
CareFirst,,,2026-03-02 07:06:46.961 -0500
CareNu,SECUR Health,1253,2026-03-02 07:06:46.961 -0500
CareNu,,,2026-03-02 07:06:46.961 -0500
CareOregon,CareOregon,120,2026-03-02 07:06:46.961 -0500
CareOregon,Columbia Pacific CCO,899,2026-03-02 07:06:46.961 -0500
CareOregon,Jackson Care Connect CCO,900,2026-03-02 07:06:46.961 -0500
CareOregon,Yamhill County CCO,901,2026-03-02 07:06:46.961 -0500
CareOregon,,,2026-03-02 07:06:46.961 -0500
CareSource Management Group,CareSource,184,2026-03-02 07:06:46.961 -0500
CareSource Management Group,CareSource WI (Common Ground Healthcare),946,2026-03-02 07:06:46.961 -0500
CareSource Management Group,,,2026-03-02 07:06:46.961 -0500
Carle Foundation,FirstCarolinaCare,223,2026-03-02 07:06:46.961 -0500
Carle Foundation,Health Alliance Medical Plan (IL),266,2026-03-02 07:06:46.961 -0500
Carle Foundation,,,2026-03-02 07:06:46.961 -0500
CaroMont Health,Senior TLC,967,2026-03-02 07:06:46.961 -0500
CaroMont Health,,,2026-03-02 07:06:46.961 -0500
Cascade Comprehensive Care,Cascade Comprehensive Care,126,2026-03-02 07:06:46.961 -0500
Cascade Comprehensive Care,,,2026-03-02 07:06:46.961 -0500
Catholic Charities Archdiocese of New Orleans,Pace Greater New Orleans,733,2026-03-02 07:06:46.961 -0500
Catholic Charities Archdiocese of New Orleans,,,2026-03-02 07:06:46.961 -0500
Catholic Health Care System,ArchCare Senior Life PACE,717,2026-03-02 07:06:46.961 -0500
Catholic Health Care System,,,2026-03-02 07:06:46.961 -0500
Catholic Health System Buffalo,Catholic Health System Buffalo PACE,821,2026-03-02 07:06:46.961 -0500
Catholic Health System Buffalo,,,2026-03-02 07:06:46.961 -0500
CenCal Health,CenCal Health,534,2026-03-02 07:06:46.961 -0500
CenCal Health,,,2026-03-02 07:06:46.961 -0500
Centene,Absolute Total Care,753,2026-03-02 07:06:46.961 -0500
Centene,Ambetter Alabama,1196,2026-03-02 07:06:46.961 -0500
Centene,Ambetter Tennessee,1140,2026-03-02 07:06:46.961 -0500
Centene,Arizona Complete Health,303,2026-03-02 07:06:46.961 -0500
Centene,Arkansas Health and Wellness,1141,2026-03-02 07:06:46.961 -0500
Centene,Buckeye Health,107,2026-03-02 07:06:46.961 -0500
Centene,Carolina Complete Care,1179,2026-03-02 07:06:46.961 -0500
Centene,Coordinated Care,871,2026-03-02 07:06:46.961 -0500
Centene,Delaware First Health,1203,2026-03-02 07:06:46.961 -0500
Centene,Fidelis Care,437,2026-03-02 07:06:46.961 -0500
Centene,Health Net (CA),304,2026-03-02 07:06:46.961 -0500
Centene,Health Net (OR),302,2026-03-02 07:06:46.961 -0500
Centene,Home State Health,872,2026-03-02 07:06:46.961 -0500
Centene,Iowa Total Care,1116,2026-03-02 07:06:46.961 -0500
Centene,Louisiana HealthCare Connections,851,2026-03-02 07:06:46.961 -0500
Centene,Magnolia Health,828,2026-03-02 07:06:46.961 -0500
Centene,Managed Health Services (IN),372,2026-03-02 07:06:46.961 -0500
Centene,Managed Health Services (WI),373,2026-03-02 07:06:46.961 -0500
Centene,Meridian Health Plan of Illinois,777,2026-03-02 07:06:46.961 -0500
Centene,Meridian Health Plan of Michigan,284,2026-03-02 07:06:46.961 -0500
Centene,Nebraska Total Care,1055,2026-03-02 07:06:46.961 -0500
Centene,New Hampshire Healthy Families,969,2026-03-02 07:06:46.961 -0500
Centene,Oklahoma Complete Health,1184,2026-03-02 07:06:46.961 -0500
Centene,Peach State Health,464,2026-03-02 07:06:46.961 -0500
Centene,Pennsylvania Health and Wellness,1072,2026-03-02 07:06:46.961 -0500
Centene,QualChoice,513,2026-03-02 07:06:46.961 -0500
Centene,SilverSummit,1058,2026-03-02 07:06:46.961 -0500
Centene,Sunflower State Health,897,2026-03-02 07:06:46.961 -0500
Centene,Sunshine Health,782,2026-03-02 07:06:46.961 -0500
Centene,Superior HealthPlan,577,2026-03-02 07:06:46.961 -0500
Centene,Trillium Community Health,595,2026-03-02 07:06:46.961 -0500
Centene,WellCare,644,2026-03-02 07:06:46.961 -0500
Centene,,,2026-03-02 07:06:46.961 -0500
Center for Elders Independence,Centers for Elders Independence,129,2026-03-02 07:06:46.961 -0500
Center for Elders Independence,,,2026-03-02 07:06:46.961 -0500
CenterLight Health System,CenterLight Healthcare,162,2026-03-02 07:06:46.961 -0500
CenterLight Health System,,,2026-03-02 07:06:46.961 -0500
Centers Plan Healthy Living,Centers Plan Healthy Living,984,2026-03-02 07:06:46.961 -0500
Centers Plan Healthy Living,,,2026-03-02 07:06:46.961 -0500
Centra Health,Centra PACE (VA),785,2026-03-02 07:06:46.961 -0500
Centra Health,,,2026-03-02 07:06:46.961 -0500
McGregor,McGregor PACE,164,2026-03-02 07:06:46.961 -0500
McGregor,,,2026-03-02 07:06:46.961 -0500
McLaren Health Care,MDwise,384,2026-03-02 07:06:46.961 -0500
McLaren Health Care,McLaren Health,265,2026-03-02 07:06:46.961 -0500
McLaren Health Care,,,2026-03-02 07:06:46.961 -0500
MedImpact,VibrantRx,1101,2026-03-02 07:06:46.961 -0500
MedImpact,,,2026-03-02 07:06:46.961 -0500
MedStar Health,MedStar Family Choice,318,2026-03-02 07:06:46.961 -0500
MedStar Health,,,2026-03-02 07:06:46.961 -0500
"Medi-Excel, S.A. de C.V.",MediExcel Health,1067,2026-03-02 07:06:46.961 -0500
"Medi-Excel, S.A. de C.V.",,,2026-03-02 07:06:46.961 -0500
Medica (MN),Dean Health Plan by Medica,186,2026-03-02 07:06:46.961 -0500
Medica (MN),Medica (MN),387,2026-03-02 07:06:46.961 -0500
Medica (MN),,,2026-03-02 07:06:46.961 -0500
Medical Associates Clinic and Health Plans,Medical Associates Health,390,2026-03-02 07:06:46.961 -0500
Medical Associates Clinic and Health Plans,,,2026-03-02 07:06:46.961 -0500
Medical Mutual,Medical Mutual,391,2026-03-02 07:06:46.961 -0500
Medical Mutual,Paramount Health,456,2026-03-02 07:06:46.961 -0500
Medical Mutual,,,2026-03-02 07:06:46.961 -0500
Memorial Hermann Healthcare System,Memorial Hermann,983,2026-03-02 07:06:46.961 -0500
Memorial Hermann Healthcare System,,,2026-03-02 07:06:46.961 -0500
MemorialCare Health,MemorialCare Select Health,1065,2026-03-02 07:06:46.961 -0500
MemorialCare Health,,,2026-03-02 07:06:46.961 -0500
Mending,Mending,1198,2026-03-02 07:06:46.961 -0500
Mending,,,2026-03-02 07:06:46.961 -0500
Mennonite General Hospital,Plan de Salud Menonita,730,2026-03-02 07:06:46.961 -0500
Mennonite General Hospital,,,2026-03-02 07:06:46.961 -0500
MercyCare Insurance,MercyCare Health (WI),398,2026-03-02 07:06:46.961 -0500
MercyCare Insurance,,,2026-03-02 07:06:46.961 -0500
MetroPlus Health,MetroPlus Health,401,2026-03-02 07:06:46.961 -0500
MetroPlus Health,,,2026-03-02 07:06:46.961 -0500
Metropolitan Jewish Health System,Elderplan,206,2026-03-02 07:06:46.961 -0500
Metropolitan Jewish Health System,,,2026-03-02 07:06:46.961 -0500
Miami Jewish Health,Florida Pace Centers,236,2026-03-02 07:06:46.961 -0500
Miami Jewish Health,,,2026-03-02 07:06:46.961 -0500
Mid Rogue IPA,AllCare Health,403,2026-03-02 07:06:46.961 -0500
Mid Rogue IPA,,,2026-03-02 07:06:46.961 -0500
Midland Hospice,Midland Care Connection,732,2026-03-02 07:06:46.961 -0500
Midland Hospice,,,2026-03-02 07:06:46.961 -0500
Midwest Christian Villages,EverTrue PACE,1201,2026-03-02 07:06:46.961 -0500
Midwest Christian Villages,,,2026-03-02 07:06:46.961 -0500
Milford Wellness Village PACE,PACE Your LIFE,1202,2026-03-02 07:06:46.961 -0500
Milford Wellness Village PACE,,,2026-03-02 07:06:46.961 -0500
Mission Health,CarePartners,997,2026-03-02 07:06:46.961 -0500
Mission Health,,,2026-03-02 07:06:46.961 -0500
Missouri Healthcare Advisors,NHC Advantage,1048,2026-03-02 07:06:46.961 -0500
Missouri Healthcare Advisors,,,2026-03-02 07:06:46.961 -0500
Moda Health,Moda Health,438,2026-03-02 07:06:46.961 -0500
Moda Health,,,2026-03-02 07:06:46.961 -0500
Molina Healthcare,Central Health Medicare,131,2026-03-02 07:06:46.961 -0500
Molina Healthcare,ConnectiCare,166,2026-03-02 07:06:46.961 -0500
Molina Healthcare,Molina Healthcare,1022,2026-03-02 07:06:46.961 -0500
Molina Healthcare,My Choice Wisconsin,800,2026-03-02 07:06:46.961 -0500
Molina Healthcare,,,2026-03-02 07:06:46.961 -0500
Montage Health,Aspire Health,955,2026-03-02 07:06:46.961 -0500
Montage Health,,,2026-03-02 07:06:46.961 -0500
Montana Health CO-OP,Montana Health CO-OP,936,2026-03-02 07:06:46.961 -0500
Montana Health CO-OP,Mountain Health CO-OP,980,2026-03-02 07:06:46.961 -0500
Montana Health CO-OP,,,2026-03-02 07:06:46.961 -0500
MorseLife Home Care,Palm Beach PACE,962,2026-03-02 07:06:46.961 -0500
MorseLife Home Care,,,2026-03-02 07:06:46.961 -0500
MotivHealth,MotivHealth,1018,2026-03-02 07:06:46.961 -0500
MotivHealth,,,2026-03-02 07:06:46.961 -0500
Mount Sinai Medical Center Florida,Mount Sinai Eldercare,1217,2026-03-02 07:06:46.961 -0500
Mount Sinai Medical Center Florida,,,2026-03-02 07:06:46.961 -0500
Mountain Empire Older Citizens,Mountain Empire Older Citizens,769,2026-03-02 07:06:46.961 -0500
Mountain Empire Older Citizens,,,2026-03-02 07:06:46.961 -0500
MultiCare Health System,Pacific Northwest PACE,1194,2026-03-02 07:06:46.961 -0500
MultiCare Health System,,,2026-03-02 07:06:46.961 -0500
NALC Health Benefit,NALC Health Benefit,1024,2026-03-02 07:06:46.961 -0500
NALC Health Benefit,,,2026-03-02 07:06:46.961 -0500
NY Hotel Trades,NY Hotel Trades,436,2026-03-02 07:06:46.961 -0500
NY Hotel Trades,,,2026-03-02 07:06:46.961 -0500
Nascentia Health Plus,Nascentia Health Plus,1118,2026-03-02 07:06:46.961 -0500
Nascentia Health Plus,,,2026-03-02 07:06:46.961 -0500
Neighborhood Health Plan (RI),Neighborhood Health Plan (RI),421,2026-03-02 07:06:46.961 -0500
Neighborhood Health Plan (RI),,,2026-03-02 07:06:46.961 -0500
Neighborhood Healthcare,Neighborhood Healthcare PACE,1186,2026-03-02 07:06:46.961 -0500
Neighborhood Healthcare,,,2026-03-02 07:06:46.961 -0500
New York State Hamaspik,Hamaspik,1155,2026-03-02 07:06:46.961 -0500
New York State Hamaspik,,,2026-03-02 07:06:46.961 -0500
NewCourtland LIFE,NewCourtland LIFE,830,2026-03-02 07:06:46.961 -0500
NewCourtland LIFE,,,2026-03-02 07:06:46.961 -0500
North East Medical,NEMS PACE,1180,2026-03-02 07:06:46.961 -0500
North East Medical,,,2026-03-02 07:06:46.961 -0500
Northland Healthcare,Northland PACE Senior Care Services,791,2026-03-02 07:06:46.961 -0500
Northland Healthcare,,,2026-03-02 07:06:46.961 -0500
Ochsner Health,Ochsner Health,1183,2026-03-02 07:06:46.961 -0500
Ochsner Health,,,2026-03-02 07:06:46.961 -0500
On Lok,On Lok,442,2026-03-02 07:06:46.961 -0500
On Lok,,,2026-03-02 07:06:46.961 -0500
One Senior Care,Cherry Blossom PACE,1209,2026-03-02 07:06:46.961 -0500
One Senior Care,LIFE Northwestern Pennsylvania,924,2026-03-02 07:06:46.961 -0500
One Senior Care,Mountain View PACE,1247,2026-03-02 07:06:46.961 -0500
One Senior Care,,,2026-03-02 07:06:46.961 -0500
Orangeburg Senior Helping Center,Orangeburg Senior Helping Center PACE,771,2026-03-02 07:06:46.961 -0500
Orangeburg Senior Helping Center,,,2026-03-02 07:06:46.961 -0500
Oscar Insurance,Oscar Health,948,2026-03-02 07:06:46.961 -0500
Oscar Insurance,,,2026-03-02 07:06:46.961 -0500
PACE Central Michigan,PACE Central Michigan,1117,2026-03-02 07:06:46.961 -0500
PACE Central Michigan,,,2026-03-02 07:06:46.961 -0500
"PACE of the Southern Piedmont, Inc.",PACE of the Southern Piedmont,922,2026-03-02 07:06:46.961 -0500
"PACE of the Southern Piedmont, Inc.",,,2026-03-02 07:06:46.961 -0500
PACE of the Triad,PACE of the Triad,846,2026-03-02 07:06:46.961 -0500
PACE of the Triad,,,2026-03-02 07:06:46.961 -0500
PACE@Home,PACE@Home,864,2026-03-02 07:06:46.961 -0500
PACE@Home,,,2026-03-02 07:06:46.961 -0500
PHSI,Partners Health,1019,2026-03-02 07:06:46.961 -0500
PHSI,,,2026-03-02 07:06:46.961 -0500
Central California Alliance for Health,Central California Alliance for Health,130,2026-03-02 07:06:46.961 -0500
Central California Alliance for Health,,,2026-03-02 07:06:46.961 -0500
Champion Health Plans USA,Champion Health,1242,2026-03-02 07:06:46.961 -0500
Champion Health Plans USA,,,2026-03-02 07:06:46.961 -0500
Cherokee Nation Comprehensive Care,Cherokee Elder Care,786,2026-03-02 07:06:46.961 -0500
Cherokee Nation Comprehensive Care,,,2026-03-02 07:06:46.961 -0500
Children's Wisconsin,Chorus Community Health,136,2026-03-02 07:06:46.961 -0500
Children's Wisconsin,,,2026-03-02 07:06:46.961 -0500
Chinese Community Health,Chinese Community Health,138,2026-03-02 07:06:46.961 -0500
Chinese Community Health,,,2026-03-02 07:06:46.961 -0500
Cigna Group,Cigna,140,2026-03-02 07:06:46.961 -0500
Cigna Group,,,2026-03-02 07:06:46.961 -0500
City of Los Angeles,LA Care,355,2026-03-02 07:06:46.961 -0500
City of Los Angeles,,,2026-03-02 07:06:46.961 -0500
City of San Francisco,San Francisco Health,531,2026-03-02 07:06:46.961 -0500
City of San Francisco,,,2026-03-02 07:06:46.961 -0500
Clever Care Health,Clever Care Health,1158,2026-03-02 07:06:46.961 -0500
Clever Care Health,,,2026-03-02 07:06:46.961 -0500
Clover Health,Clover Health,892,2026-03-02 07:06:46.961 -0500
Clover Health,,,2026-03-02 07:06:46.961 -0500
Colorado Access,Colorado Access,144,2026-03-02 07:06:46.961 -0500
Colorado Access,,,2026-03-02 07:06:46.961 -0500
Commonwealth Care Alliance,Commonwealth Care Alliance,147,2026-03-02 07:06:46.961 -0500
Commonwealth Care Alliance,,,2026-03-02 07:06:46.961 -0500
CommuniCare Health,CommuniCare Advantage,1169,2026-03-02 07:06:46.961 -0500
CommuniCare Health,West Virginia Senior Advantage,1050,2026-03-02 07:06:46.961 -0500
CommuniCare Health,,,2026-03-02 07:06:46.961 -0500
Community Care (WI),Community Care (WI),148,2026-03-02 07:06:46.961 -0500
Community Care (WI),,,2026-03-02 07:06:46.961 -0500
Community Care of Western NY,Total Senior Care,797,2026-03-02 07:06:46.961 -0500
Community Care of Western NY,,,2026-03-02 07:06:46.961 -0500
Community Eldercare of San Diego,St. Paul's PACE,720,2026-03-02 07:06:46.961 -0500
Community Eldercare of San Diego,,,2026-03-02 07:06:46.961 -0500
Community Health Choice (TX),Community Health Choice (TX),152,2026-03-02 07:06:46.961 -0500
Community Health Choice (TX),,,2026-03-02 07:06:46.961 -0500
Community Health Group (CA),Community Health Group (CA),153,2026-03-02 07:06:46.961 -0500
Community Health Group (CA),,,2026-03-02 07:06:46.961 -0500
Community Health Options,Community Health Options,932,2026-03-02 07:06:46.961 -0500
Community Health Options,,,2026-03-02 07:06:46.961 -0500
Community Health Plan (WA),Community Health Plan (WA),157,2026-03-02 07:06:46.961 -0500
Community Health Plan (WA),,,2026-03-02 07:06:46.961 -0500
Community Hospice of Northeast Florida,PACE Partners of Northeast Florida,1145,2026-03-02 07:06:46.961 -0500
Community Hospice of Northeast Florida,,,2026-03-02 07:06:46.961 -0500
Community PACE at Home,Community PACE at Home,1066,2026-03-02 07:06:46.961 -0500
Community PACE at Home,,,2026-03-02 07:06:46.961 -0500
Compass Rose Benefits,Compass Rose Health,1025,2026-03-02 07:06:46.961 -0500
Compass Rose Benefits,,,2026-03-02 07:06:46.961 -0500
Comprehensive Senior Care,CentraCare (MI),808,2026-03-02 07:06:46.961 -0500
Comprehensive Senior Care,,,2026-03-02 07:06:46.961 -0500
Cone Health,HealthTeam Advantage,1012,2026-03-02 07:06:46.961 -0500
Cone Health,,,2026-03-02 07:06:46.961 -0500
Consolidated Association of RR Employees,Consolidated Association of RR Employees,167,2026-03-02 07:06:46.961 -0500
Consolidated Association of RR Employees,,,2026-03-02 07:06:46.961 -0500
Contra Costa Health Services,Contra Costa Health,168,2026-03-02 07:06:46.961 -0500
Contra Costa Health Services,,,2026-03-02 07:06:46.961 -0500
Cook Children's Health,Cook Children's Health,169,2026-03-02 07:06:46.961 -0500
Cook Children's Health,,,2026-03-02 07:06:46.961 -0500
Cook County Health and Hospitals,CountyCare Health,1083,2026-03-02 07:06:46.961 -0500
Cook County Health and Hospitals,,,2026-03-02 07:06:46.961 -0500
Corewell Health,Physicians Health Plan Northern Indiana (Priority Health),474,2026-03-02 07:06:46.961 -0500
Corewell Health,Priority Health,506,2026-03-02 07:06:46.961 -0500
Corewell Health,,,2026-03-02 07:06:46.961 -0500
"Counties of Fresno, Kings and Madera",CalViva Health,835,2026-03-02 07:06:46.961 -0500
"Counties of Fresno, Kings and Madera",,,2026-03-02 07:06:46.961 -0500
County of Itasca,Itasca Medical Care,345,2026-03-02 07:06:46.961 -0500
County of Itasca,,,2026-03-02 07:06:46.961 -0500
County of Orange,CalOptima,111,2026-03-02 07:06:46.961 -0500
County of Orange,,,2026-03-02 07:06:46.961 -0500
County of San Joaquin,Health Plan of San Joaquin,584,2026-03-02 07:06:46.961 -0500
County of San Joaquin,,,2026-03-02 07:06:46.961 -0500
County of San Mateo,Health Plan of San Mateo,286,2026-03-02 07:06:46.961 -0500
County of San Mateo,,,2026-03-02 07:06:46.961 -0500
County of Santa Clara,Santa Clara Family,535,2026-03-02 07:06:46.961 -0500
County of Santa Clara,,,2026-03-02 07:06:46.961 -0500
County of Ventura,Gold Coast Health,860,2026-03-02 07:06:46.961 -0500
County of Ventura,,,2026-03-02 07:06:46.961 -0500
CoxHealth,Cox HealthPlans,179,2026-03-02 07:06:46.961 -0500
CoxHealth,,,2026-03-02 07:06:46.961 -0500
CuraCor dba BlueCross BlueShield North Carolina,BlueCross BlueShield North Carolina,79,2026-03-02 07:06:46.961 -0500
CuraCor dba BlueCross BlueShield North Carolina,Experience Health,1138,2026-03-02 07:06:46.961 -0500
CuraCor dba BlueCross BlueShield North Carolina,,,2026-03-02 07:06:46.961 -0500
Curana Health,Align Senior Care,1131,2026-03-02 07:06:46.961 -0500
Curana Health,,,2026-03-02 07:06:46.961 -0500
Delaware Life,Clear Spring Healthcare,1107,2026-03-02 07:06:46.961 -0500
Delaware Life,,,2026-03-02 07:06:46.961 -0500
Denver Health and Hospital Authority,Denver Health Medical Plan,188,2026-03-02 07:06:46.961 -0500
Denver Health and Hospital Authority,,,2026-03-02 07:06:46.961 -0500
Devoted Health,Devoted Health,1094,2026-03-02 07:06:46.961 -0500
Devoted Health,,,2026-03-02 07:06:46.961 -0500
Doctors Healthcare,Doctors Healthcare,1098,2026-03-02 07:06:46.961 -0500
Doctors Healthcare,,,2026-03-02 07:06:46.961 -0500
Douglas County IPA,Douglas County IPA,196,2026-03-02 07:06:46.961 -0500
Douglas County IPA,,,2026-03-02 07:06:46.961 -0500
Driscoll Children's Health,Driscoll Children's Health,197,2026-03-02 07:06:46.961 -0500
Driscoll Children's Health,,,2026-03-02 07:06:46.961 -0500
EMI Health,EMI Health,199,2026-03-02 07:06:46.961 -0500
EMI Health,,,2026-03-02 07:06:46.961 -0500
East Boston Health,Neighborhood PACE,204,2026-03-02 07:06:46.961 -0500
East Boston Health,,,2026-03-02 07:06:46.961 -0500
El Paso Health,El Paso Health,201,2026-03-02 07:06:46.961 -0500
El Paso Health,,,2026-03-02 07:06:46.961 -0500
Element Care,Edenbridge PACE,1211,2026-03-02 07:06:46.961 -0500
Element Care,Element Care PACE,205,2026-03-02 07:06:46.961 -0500
Element Care,,,2026-03-02 07:06:46.961 -0500
Elevance Health,Anthem BlueCross BlueShield Colorado,32,2026-03-02 07:06:46.961 -0500
Elevance Health,Anthem BlueCross BlueShield Connecticut,33,2026-03-02 07:06:46.961 -0500
Elevance Health,Anthem BlueCross BlueShield Georgia,85,2026-03-02 07:06:46.961 -0500
Elevance Health,Anthem BlueCross BlueShield Indiana,34,2026-03-02 07:06:46.961 -0500
Elevance Health,Anthem BlueCross BlueShield Kentucky,35,2026-03-02 07:06:46.961 -0500
Elevance Health,Anthem BlueCross BlueShield Maine,36,2026-03-02 07:06:46.961 -0500
Elevance Health,Anthem BlueCross BlueShield Missouri,37,2026-03-02 07:06:46.961 -0500
Elevance Health,Anthem BlueCross BlueShield Nevada,38,2026-03-02 07:06:46.961 -0500
Elevance Health,Anthem BlueCross BlueShield New Hampshire,39,2026-03-02 07:06:46.961 -0500
Elevance Health,Anthem BlueCross BlueShield New York,207,2026-03-02 07:06:46.961 -0500
Elevance Health,Anthem BlueCross BlueShield Ohio,40,2026-03-02 07:06:46.961 -0500
Elevance Health,Anthem BlueCross BlueShield Virginia,41,2026-03-02 07:06:46.961 -0500
Elevance Health,Anthem BlueCross BlueShield Wisconsin,31,2026-03-02 07:06:46.961 -0500
Elevance Health,Anthem BlueCross California,93,2026-03-02 07:06:46.961 -0500
Elevance Health,Freedom Health,238,2026-03-02 07:06:46.961 -0500
Elevance Health,HealthSun Health Plans,314,2026-03-02 07:06:46.961 -0500
Elevance Health,Healthy Blue Kansas,1252,2026-03-02 07:06:46.961 -0500
Elevance Health,Healthy Blue Missouri,408,2026-03-02 07:06:46.961 -0500
Elevance Health,Indiana University Health,368,2026-03-02 07:06:46.961 -0500
Elevance Health,MMM Healthcare,409,2026-03-02 07:06:46.961 -0500
Elevance Health,Optimum HealthCare,445,2026-03-02 07:06:46.961 -0500
Elevance Health,Simply Healthcare,822,2026-03-02 07:06:46.961 -0500
Elevance Health,Wellpoint,29,2026-03-02 07:06:46.961 -0500
Elevance Health,,,2026-03-02 07:06:46.961 -0500
EmblemHealth,EmblemHealth (HIP),322,2026-03-02 07:06:46.961 -0500
EmblemHealth,EmblemHealth Plan,252,2026-03-02 07:06:46.961 -0500
EmblemHealth,,,2026-03-02 07:06:46.961 -0500
Empath Health,Suncoast PACE,804,2026-03-02 07:06:46.961 -0500
Empath Health,,,2026-03-02 07:06:46.961 -0500
Esperanza Health,Panorama PACE,1255,2026-03-02 07:06:46.961 -0500
Esperanza Health,,,2026-03-02 07:06:46.961 -0500
Eternal Health,Eternal Health,1185,2026-03-02 07:06:46.961 -0500
Eternal Health,,,2026-03-02 07:06:46.961 -0500
EveryAge,Carolina SeniorCare,886,2026-03-02 07:06:46.961 -0500
EveryAge,Elderhaus PACE,787,2026-03-02 07:06:46.961 -0500
EveryAge,,,2026-03-02 07:06:46.961 -0500
Fallon Community Health,Fallon Health,215,2026-03-02 07:06:46.961 -0500
Fallon Community Health,,,2026-03-02 07:06:46.961 -0500
Family Health Centers of San Diego,Family Health Centers of San Diego,1125,2026-03-02 07:06:46.961 -0500
Family Health Centers of San Diego,,,2026-03-02 07:06:46.961 -0500
Family HealthCare Network,Family HealthCare Network PACE,1259,2026-03-02 07:06:46.961 -0500
Family HealthCare Network,,,2026-03-02 07:06:46.961 -0500
Fenyx Health,Fenyx Health,1221,2026-03-02 07:06:46.961 -0500
Fenyx Health,,,2026-03-02 07:06:46.961 -0500
First Medical Health,First Medical Health,229,2026-03-02 07:06:46.961 -0500
First Medical Health,,,2026-03-02 07:06:46.961 -0500
First Sacramento Capital Funding,ProCare Advantage,1129,2026-03-02 07:06:46.961 -0500
First Sacramento Capital Funding,,,2026-03-02 07:06:46.961 -0500
Florida Blue,Capital Health,117,2026-03-02 07:06:46.961 -0500
Florida Blue,Florida Blue,72,2026-03-02 07:06:46.961 -0500
Florida Blue,Florida Health Care Plans,234,2026-03-02 07:06:46.961 -0500
Florida Blue,Triple-S,598,2026-03-02 07:06:46.961 -0500
Florida Blue,,,2026-03-02 07:06:46.961 -0500
Franciscan PACE,Franciscan PACE,774,2026-03-02 07:06:46.961 -0500
Franciscan PACE,,,2026-03-02 07:06:46.961 -0500
Fresno Community Hospital and Medical Center,Community Care Health,1068,2026-03-02 07:06:46.961 -0500
Fresno Community Hospital and Medical Center,,,2026-03-02 07:06:46.961 -0500
Froedtert Health,Network Health (WI),424,2026-03-02 07:06:46.961 -0500
Froedtert Health,,,2026-03-02 07:06:46.961 -0500
Gold Kidney Health,Gold Kidney Health,1204,2026-03-02 07:06:46.961 -0500
Gold Kidney Health,,,2026-03-02 07:06:46.961 -0500
Golden Valley Health,Central Valley PACE,1166,2026-03-02 07:06:46.961 -0500
Golden Valley Health,,,2026-03-02 07:06:46.961 -0500
Government Employees Health Association,Government Employees Health Association,245,2026-03-02 07:06:46.961 -0500
Government Employees Health Association,,,2026-03-02 07:06:46.961 -0500
Grand Traverse Pavilions,PACE North,1139,2026-03-02 07:06:46.961 -0500
Grand Traverse Pavilions,,,2026-03-02 07:06:46.961 -0500
Grane Healthcare,SeniorLIFE,845,2026-03-02 07:06:46.961 -0500
Grane Healthcare,,,2026-03-02 07:06:46.961 -0500
Group Health Cooperative Eau Claire,Group Health Cooperative of Eau Claire,250,2026-03-02 07:06:46.961 -0500
Group Health Cooperative Eau Claire,,,2026-03-02 07:06:46.961 -0500
Group Health Cooperative of South Central Wisconsin,Group Health Cooperative-SCW,251,2026-03-02 07:06:46.961 -0500
Group Health Cooperative of South Central Wisconsin,,,2026-03-02 07:06:46.961 -0500
Harbor Health Services,Harbor Health Services,259,2026-03-02 07:06:46.961 -0500
Harbor Health Services,,,2026-03-02 07:06:46.961 -0500
Hawaii Medical Assurance Association,Hawaii Medical Assurance Association,264,2026-03-02 07:06:46.961 -0500
Hawaii Medical Assurance Association,,,2026-03-02 07:06:46.961 -0500
Health Association of Niagara County,Complete Senior Care,848,2026-03-02 07:06:46.961 -0500
Health Association of Niagara County,,,2026-03-02 07:06:46.961 -0500
Health Care Service Corporation,BlueCross BlueShield Illinois,86,2026-03-02 07:06:46.961 -0500
Health Care Service Corporation,BlueCross BlueShield Montana,77,2026-03-02 07:06:46.961 -0500
Health Care Service Corporation,BlueCross BlueShield New Mexico,88,2026-03-02 07:06:46.961 -0500
Health Care Service Corporation,BlueCross BlueShield Oklahoma,89,2026-03-02 07:06:46.961 -0500
Health Care Service Corporation,BlueCross BlueShield Texas,91,2026-03-02 07:06:46.961 -0500
Health Care Service Corporation,,,2026-03-02 07:06:46.961 -0500
Health First (FL),Health First Health Plans (FL),273,2026-03-02 07:06:46.961 -0500
Health First (FL),,,2026-03-02 07:06:46.961 -0500
Health Plan of the Upper Ohio Valley,The Health Plan,287,2026-03-02 07:06:46.961 -0500
Health Plan of the Upper Ohio Valley,,,2026-03-02 07:06:46.961 -0500
Health Share of Oregon CCO,Health Share of Oregon CCO,902,2026-03-02 07:06:46.961 -0500
Health Share of Oregon CCO,,,2026-03-02 07:06:46.961 -0500
HealthPartners (MN),HealthPartners (MN),307,2026-03-02 07:06:46.961 -0500
HealthPartners (MN),HealthPartners UnityPoint Health,1049,2026-03-02 07:06:46.961 -0500
HealthPartners (MN),,,2026-03-02 07:06:46.961 -0500
Healthfirst (NY),Healthfirst (NY),299,2026-03-02 07:06:46.961 -0500
Healthfirst (NY),,,2026-03-02 07:06:46.961 -0500
Healthy Mississippi,Healthy Mississippi,1256,2026-03-02 07:06:46.961 -0500
Healthy Mississippi,,,2026-03-02 07:06:46.961 -0500
Hennepin Health,Hennepin Health,402,2026-03-02 07:06:46.961 -0500
Hennepin Health,,,2026-03-02 07:06:46.961 -0500
Henry Ford Health,HAP CareSource,406,2026-03-02 07:06:46.961 -0500
Henry Ford Health,Health Alliance Plan (MI),267,2026-03-02 07:06:46.961 -0500
Henry Ford Health,PACE Southeast Michigan,866,2026-03-02 07:06:46.961 -0500
Henry Ford Health,,,2026-03-02 07:06:46.961 -0500
High Desert PACE,High Desert PACE,1251,2026-03-02 07:06:46.961 -0500
High Desert PACE,,,2026-03-02 07:06:46.961 -0500
Highmark,Highmark Blue Cross Blue Shield,321,2026-03-02 07:06:46.961 -0500
Highmark,Highmark Blue Cross Blue Shield Delaware,97,2026-03-02 07:06:46.961 -0500
Highmark,Highmark Blue Cross Blue Shield West Virginia,412,2026-03-02 07:06:46.961 -0500
Highmark,Highmark Blue Cross Blue Shield Western New York,873,2026-03-02 07:06:46.961 -0500
Highmark,Highmark Blue Shield Northeastern New York,874,2026-03-02 07:06:46.961 -0500
Highmark,Highmark Wholecare,240,2026-03-02 07:06:46.961 -0500
Highmark,,,2026-03-02 07:06:46.961 -0500
Hope of Southwest Florida,Hope Hospice and Community Services,725,2026-03-02 07:06:46.961 -0500
Hope of Southwest Florida,,,2026-03-02 07:06:46.961 -0500
Pace Organization of Rhode Island,PACE Organization of Rhode Island,450,2026-03-02 07:06:46.961 -0500
Pace Organization of Rhode Island,,,2026-03-02 07:06:46.961 -0500
PacificSource Health,PacificSource Health,453,2026-03-02 07:06:46.961 -0500
PacificSource Health,,,2026-03-02 07:06:46.961 -0500
Parkland Health and Hospital System,Parkland Community Health,457,2026-03-02 07:06:46.961 -0500
Parkland Health and Hospital System,,,2026-03-02 07:06:46.961 -0500
Partnership Health Plan (CA),Partnership Health Plan (CA),462,2026-03-02 07:06:46.961 -0500
Partnership Health Plan (CA),,,2026-03-02 07:06:46.961 -0500
Pennsylvania Public School Employees` Retirement,Pennsylvania Public School Employees' Retirement,744,2026-03-02 07:06:46.961 -0500
Pennsylvania Public School Employees` Retirement,,,2026-03-02 07:06:46.961 -0500
Perennial Consortium,Perennial Advantage,1165,2026-03-02 07:06:46.961 -0500
Perennial Consortium,,,2026-03-02 07:06:46.961 -0500
Pharmastar,Serenity Care,979,2026-03-02 07:06:46.961 -0500
Pharmastar,,,2026-03-02 07:06:46.961 -0500
Piedmont Health Services,Piedmont Health SeniorCare,795,2026-03-02 07:06:46.961 -0500
Piedmont Health Services,,,2026-03-02 07:06:46.961 -0500
Plan Medico Servicios de Salud Bella Vista,Plan Medico Servicios de Salud Bella Vista,1059,2026-03-02 07:06:46.961 -0500
Plan Medico Servicios de Salud Bella Vista,,,2026-03-02 07:06:46.961 -0500
Point32Health,CarePartners Connecticut,1115,2026-03-02 07:06:46.961 -0500
Point32Health,Harvard Pilgrim Health Care,262,2026-03-02 07:06:46.961 -0500
Point32Health,Tufts Health,601,2026-03-02 07:06:46.961 -0500
Point32Health,,,2026-03-02 07:06:46.961 -0500
Premera Blue Cross,LifeWise Health (WA),363,2026-03-02 07:06:46.961 -0500
Premera Blue Cross,Premera Blue Cross,496,2026-03-02 07:06:46.961 -0500
Premera Blue Cross,,,2026-03-02 07:06:46.961 -0500
Presbyterian Health,Presbyterian Health,499,2026-03-02 07:06:46.961 -0500
Presbyterian Health,,,2026-03-02 07:06:46.961 -0500
PrimeWest Health,PrimeWest Health,504,2026-03-02 07:06:46.961 -0500
PrimeWest Health,,,2026-03-02 07:06:46.961 -0500
Prisma Health,Prisma Health,1143,2026-03-02 07:06:46.961 -0500
Prisma Health,,,2026-03-02 07:06:46.961 -0500
Providence Health,Providence Health,510,2026-03-02 07:06:46.961 -0500
Providence Health,,,2026-03-02 07:06:46.961 -0500
Quartz Health,Quartz Health,1109,2026-03-02 07:06:46.961 -0500
Quartz Health,,,2026-03-02 07:06:46.961 -0500
Randolph Hospital,StayWell Senior Care,992,2026-03-02 07:06:46.961 -0500
Randolph Hospital,,,2026-03-02 07:06:46.961 -0500
Regents University of California,UCLA Health Medicare Advantage,1257,2026-03-02 07:06:46.961 -0500
Regents University of California,,,2026-03-02 07:06:46.961 -0500
Region VII AAA,Sunrise PACE,1192,2026-03-02 07:06:46.961 -0500
Region VII AAA,,,2026-03-02 07:06:46.961 -0500
Reid Health,Reid Health PACE,1172,2026-03-02 07:06:46.961 -0500
Reid Health,,,2026-03-02 07:06:46.961 -0500
Renown Health,Hometown Health,323,2026-03-02 07:06:46.961 -0500
Renown Health,,,2026-03-02 07:06:46.961 -0500
Rifkin Managed Care,Provider Partners Health,1031,2026-03-02 07:06:46.961 -0500
Rifkin Managed Care,,,2026-03-02 07:06:46.961 -0500
RiverSpring Health,RiverSpring Health,994,2026-03-02 07:06:46.961 -0500
RiverSpring Health,,,2026-03-02 07:06:46.961 -0500
Riverside Retirement Services,Riverside Retirement Services,739,2026-03-02 07:06:46.961 -0500
Riverside Retirement Services,,,2026-03-02 07:06:46.961 -0500
Rochester Regional Health,ElderONE,336,2026-03-02 07:06:46.961 -0500
Rochester Regional Health,,,2026-03-02 07:06:46.961 -0500
Rocky Mountain Health Care Services,Rocky Mountain PACE,796,2026-03-02 07:06:46.961 -0500
Rocky Mountain Health Care Services,,,2026-03-02 07:06:46.961 -0500
Rural Carrier Benefit,Rural Carrier Benefit,1113,2026-03-02 07:06:46.961 -0500
Rural Carrier Benefit,,,2026-03-02 07:06:46.961 -0500
Ryder Memorial Hospital,Ryder Health,1080,2026-03-02 07:06:46.961 -0500
Ryder Memorial Hospital,,,2026-03-02 07:06:46.961 -0500
SAMBA Health Benefit,SAMBA Health Benefit,1026,2026-03-02 07:06:46.961 -0500
SAMBA Health Benefit,,,2026-03-02 07:06:46.961 -0500
SCAN,SCAN Health,538,2026-03-02 07:06:46.961 -0500
SCAN,myPlace PACE,1238,2026-03-02 07:06:46.961 -0500
SCAN,,,2026-03-02 07:06:46.961 -0500
SIHO,MyTruAdvantage,1159,2026-03-02 07:06:46.961 -0500
SIHO,,,2026-03-02 07:06:46.961 -0500
Saint Francis Health,CommunityCare (OK),161,2026-03-02 07:06:46.961 -0500
Saint Francis Health,,,2026-03-02 07:06:46.961 -0500
Samaritan Health Services,Samaritan Health,530,2026-03-02 07:06:46.961 -0500
Samaritan Health Services,,,2026-03-02 07:06:46.961 -0500
San Ysidro Health,San Diego PACE,1000,2026-03-02 07:06:46.961 -0500
San Ysidro Health,,,2026-03-02 07:06:46.961 -0500
Sanford Health,Great Plains Medicare Advantage,1075,2026-03-02 07:06:46.961 -0500
Sanford Health,Sanford Health,533,2026-03-02 07:06:46.961 -0500
Sanford Health,Security Health (WI),544,2026-03-02 07:06:46.961 -0500
Sanford Health,,,2026-03-02 07:06:46.961 -0500
Schroer Group,Valor Health,1092,2026-03-02 07:06:46.961 -0500
Schroer Group,,,2026-03-02 07:06:46.961 -0500
Scripps Health,Scripps Health,1064,2026-03-02 07:06:46.961 -0500
Scripps Health,,,2026-03-02 07:06:46.961 -0500
Select Founders,Tribute Health,998,2026-03-02 07:06:46.961 -0500
Select Founders,,,2026-03-02 07:06:46.961 -0500
Sendero Health,Sendero Health,868,2026-03-02 07:06:46.961 -0500
Sendero Health,,,2026-03-02 07:06:46.961 -0500
SeniorSelect Partners,Simpra Advantage,1076,2026-03-02 07:06:46.961 -0500
SeniorSelect Partners,,,2026-03-02 07:06:46.961 -0500
Sentara Health,AvMed,61,2026-03-02 07:06:46.961 -0500
Sentara Health,Sentara Health,443,2026-03-02 07:06:46.961 -0500
Sentara Health,Sentara Life Care,741,2026-03-02 07:06:46.961 -0500
Sentara Health,,,2026-03-02 07:06:46.961 -0500
Sharp HealthCare,Sharp Health,554,2026-03-02 07:06:46.961 -0500
Sharp HealthCare,,,2026-03-02 07:06:46.961 -0500
Signature Advantage,Signature Advantage,1007,2026-03-02 07:06:46.961 -0500
Signature Advantage,,,2026-03-02 07:06:46.961 -0500
Sistemas Medicos Nacionales,SIMNSA Health,557,2026-03-02 07:06:46.961 -0500
Sistemas Medicos Nacionales,,,2026-03-02 07:06:46.961 -0500
Solis Health,Solis Health,1093,2026-03-02 07:06:46.961 -0500
Solis Health,,,2026-03-02 07:06:46.961 -0500
Sonder Health,Sonder Health,1164,2026-03-02 07:06:46.961 -0500
Sonder Health,,,2026-03-02 07:06:46.961 -0500
South Country Health Alliance,South Country Health Alliance,559,2026-03-02 07:06:46.961 -0500
South Country Health Alliance,,,2026-03-02 07:06:46.961 -0500
Southeastern Indiana Health Insurance,Southeastern Indiana Health (SIHO),561,2026-03-02 07:06:46.961 -0500
Southeastern Indiana Health Insurance,,,2026-03-02 07:06:46.961 -0500
Southwest Catholic Health,Mercy Care Plan (AZ),396,2026-03-02 07:06:46.961 -0500
Southwest Catholic Health,,,2026-03-02 07:06:46.961 -0500
St. Bernards Healthcare,Total Life Healthcare,793,2026-03-02 07:06:46.961 -0500
St. Bernards Healthcare,,,2026-03-02 07:06:46.961 -0500
St. Luke's Health,St. Luke's Health,1197,2026-03-02 07:06:46.961 -0500
St. Luke's Health,,,2026-03-02 07:06:46.961 -0500
A and D Charitable Foundation,Great Lakes PACE,1004,2026-03-02 07:06:46.961 -0500
A and D Charitable Foundation,,,2026-03-02 07:06:46.961 -0500
AIDS Healthcare Foundation,Positive Healthcare,10,2026-03-02 07:06:46.961 -0500
AIDS Healthcare Foundation,,,2026-03-02 07:06:46.961 -0500
APWU Health,APWU Health,1027,2026-03-02 07:06:46.961 -0500
APWU Health,,,2026-03-02 07:06:46.961 -0500
ATRIO Health,ATRIO Health,56,2026-03-02 07:06:46.961 -0500
ATRIO Health,,,2026-03-02 07:06:46.961 -0500
Advanced Health,Advanced Health,195,2026-03-02 07:06:46.961 -0500
Advanced Health,,,2026-03-02 07:06:46.961 -0500
AgeWell PACE,AgeWell PACE,1220,2026-03-02 07:06:46.961 -0500
AgeWell PACE,,,2026-03-02 07:06:46.961 -0500
Aging In Home Services Northeast IN,PACE Northeast Indiana,1187,2026-03-02 07:06:46.961 -0500
Aging In Home Services Northeast IN,,,2026-03-02 07:06:46.961 -0500
Alameda Alliance for Health,Alameda Alliance for Health,11,2026-03-02 07:06:46.961 -0500
Alameda Alliance for Health,,,2026-03-02 07:06:46.961 -0500
Alignment Healthcare USA,Alignment Health,141,2026-03-02 07:06:46.961 -0500
Alignment Healthcare USA,,,2026-03-02 07:06:46.961 -0500
Alliant Health,Alliant Health,14,2026-03-02 07:06:46.961 -0500
Alliant Health,,,2026-03-02 07:06:46.961 -0500
AlohaCare,AlohaCare,15,2026-03-02 07:06:46.961 -0500
AlohaCare,,,2026-03-02 07:06:46.961 -0500
Altamed Health Services,Altamed Health Services,16,2026-03-02 07:06:46.961 -0500
Altamed Health Services,,,2026-03-02 07:06:46.961 -0500
Amarillo Multiservice Center for the Aging,Amarillo Multiservice Center for the Aging,19,2026-03-02 07:06:46.961 -0500
Amarillo Multiservice Center for the Aging,,,2026-03-02 07:06:46.961 -0500
American Foreign Service Protective,American Foreign Service Protective Association,1111,2026-03-02 07:06:46.961 -0500
American Foreign Service Protective,,,2026-03-02 07:06:46.961 -0500
American Health,American Health Advantage,1134,2026-03-02 07:06:46.961 -0500
American Health,,,2026-03-02 07:06:46.961 -0500
Amida Care,Amida Care,831,2026-03-02 07:06:46.961 -0500
Amida Care,,,2026-03-02 07:06:46.961 -0500
Angle Health,Angle Health,1195,2026-03-02 07:06:46.961 -0500
Angle Health,,,2026-03-02 07:06:46.961 -0500
Antidote Health Group,Antidote Health,1244,2026-03-02 07:06:46.961 -0500
Antidote Health Group,,,2026-03-02 07:06:46.961 -0500
Appalachian Agency for Senior Citizens,Appalachian Agency for Senior Citizens,783,2026-03-02 07:06:46.961 -0500
Appalachian Agency for Senior Citizens,,,2026-03-02 07:06:46.961 -0500
Area Agency on Aging,PACE of Southwest Michigan,885,2026-03-02 07:06:46.961 -0500
Area Agency on Aging,,,2026-03-02 07:06:46.961 -0500
Arkansas BlueCross BlueShield,Arkansas BlueCross BlueShield,46,2026-03-02 07:06:46.961 -0500
Arkansas BlueCross BlueShield,,,2026-03-02 07:06:46.961 -0500
Asbury Communities,Albright Care Services,865,2026-03-02 07:06:46.961 -0500
Asbury Communities,,,2026-03-02 07:06:46.961 -0500
Ascendiun dba Blue Shield California,Blue Shield California,96,2026-03-02 07:06:46.961 -0500
Ascendiun dba Blue Shield California,,,2026-03-02 07:06:46.961 -0500
Ascension Health,Ascension Living Alexian PACE,12,2026-03-02 07:06:46.961 -0500
Ascension Health,Ascension Living HOPE,634,2026-03-02 07:06:46.961 -0500
Ascension Health,Ascension Living PACE Michigan,1016,2026-03-02 07:06:46.961 -0500
Ascension Health,Ascension Living St. Vincent PACE,1216,2026-03-02 07:06:46.961 -0500
Ascension Health,Dell Children's Health,553,2026-03-02 07:06:46.961 -0500
Ascension Health,,,2026-03-02 07:06:46.961 -0500
Aspirus Health,Aspirus Health,1038,2026-03-02 07:06:46.961 -0500
Aspirus Health,,,2026-03-02 07:06:46.961 -0500
Astiva Health,Astiva Health,1157,2026-03-02 07:06:46.961 -0500
Astiva Health,,,2026-03-02 07:06:46.961 -0500
AtlantiCare Health,AtlantiCare Health,1082,2026-03-02 07:06:46.961 -0500
AtlantiCare Health,,,2026-03-02 07:06:46.961 -0500
Aultman Health,AultCare,57,2026-03-02 07:06:46.961 -0500
Aultman Health,,,2026-03-02 07:06:46.961 -0500
Avera Health,Avera Health,59,2026-03-02 07:06:46.961 -0500
Avera Health,,,2026-03-02 07:06:46.961 -0500
Banner Health,Banner University Health,619,2026-03-02 07:06:46.961 -0500
Banner Health,,,2026-03-02 07:06:46.961 -0500
Baptist Health,Baptist Health PACE,1034,2026-03-02 07:06:46.961 -0500
Baptist Health,,,2026-03-02 07:06:46.961 -0500
BayCare Health,BayCare Plus,1097,2026-03-02 07:06:46.961 -0500
BayCare Health,,,2026-03-02 07:06:46.961 -0500
Baylor Scott and White,Baylor Scott and White,540,2026-03-02 07:06:46.961 -0500
Baylor Scott and White,FirstCare Health,231,2026-03-02 07:06:46.961 -0500
Baylor Scott and White,,,2026-03-02 07:06:46.961 -0500
Baystate Health,Health New England,278,2026-03-02 07:06:46.961 -0500
Baystate Health,,,2026-03-02 07:06:46.961 -0500
Bienvivir Senior Health,Bienvivir Senior Health,67,2026-03-02 07:06:46.961 -0500
Bienvivir Senior Health,,,2026-03-02 07:06:46.961 -0500
Blue Cross and Blue Shield of Alabama,Blue Cross and Blue Shield Alabama,70,2026-03-02 07:06:46.961 -0500
Blue Cross and Blue Shield of Alabama,Patrius Health,1205,2026-03-02 07:06:46.961 -0500
Blue Cross and Blue Shield of Alabama,,,2026-03-02 07:06:46.961 -0500
BlueCross BlueShield Arizona,BlueCross BlueShield Arizona,71,2026-03-02 07:06:46.961 -0500
BlueCross BlueShield Arizona,,,2026-03-02 07:06:46.961 -0500
BlueCross BlueShield Hawaii (HMSA),BlueCross BlueShield Hawaii (HMSA),263,2026-03-02 07:06:46.961 -0500
BlueCross BlueShield Hawaii (HMSA),,,2026-03-02 07:06:46.961 -0500
BlueCross BlueShield Kansas,BlueCross BlueShield Kansas,73,2026-03-02 07:06:46.961 -0500
BlueCross BlueShield Kansas,,,2026-03-02 07:06:46.961 -0500
BlueCross BlueShield Kansas City,BlueCross BlueShield Kansas City,74,2026-03-02 07:06:46.961 -0500
BlueCross BlueShield Kansas City,,,2026-03-02 07:06:46.961 -0500
BlueCross BlueShield Louisiana,BlueCross BlueShield Louisiana,365,2026-03-02 07:06:46.961 -0500
BlueCross BlueShield Louisiana,Primewell Health Services,632,2026-03-02 07:06:46.961 -0500
BlueCross BlueShield Louisiana,,,2026-03-02 07:06:46.961 -0500
BlueCross BlueShield Massachusetts,BlueCross BlueShield Massachusetts,75,2026-03-02 07:06:46.961 -0500
BlueCross BlueShield Massachusetts,,,2026-03-02 07:06:46.961 -0500
BlueCross BlueShield Michigan,BlueCross BlueShield Michigan,87,2026-03-02 07:06:46.961 -0500
BlueCross BlueShield Michigan,BlueCross BlueShield Vermont,83,2026-03-02 07:06:46.961 -0500
BlueCross BlueShield Michigan,,,2026-03-02 07:06:46.961 -0500
BlueCross BlueShield Minnesota,BlueCross BlueShield Minnesota,76,2026-03-02 07:06:46.961 -0500
BlueCross BlueShield Minnesota,,,2026-03-02 07:06:46.961 -0500
BlueCross BlueShield Mississippi,BlueCross BlueShield Mississippi,98,2026-03-02 07:06:46.961 -0500
BlueCross BlueShield Mississippi,,,2026-03-02 07:06:46.961 -0500
BlueCross BlueShield Nebraska,BlueCross BlueShield Nebraska,78,2026-03-02 07:06:46.961 -0500
BlueCross BlueShield Nebraska,,,2026-03-02 07:06:46.961 -0500
BlueCross BlueShield North Dakota,BlueCross BlueShield North Dakota,80,2026-03-02 07:06:46.961 -0500
BlueCross BlueShield North Dakota,NextBlue North Dakota,1149,2026-03-02 07:06:46.961 -0500
BlueCross BlueShield North Dakota,,,2026-03-02 07:06:46.961 -0500
BlueCross BlueShield Rhode Island,BlueCross BlueShield Rhode Island,69,2026-03-02 07:06:46.961 -0500
BlueCross BlueShield Rhode Island,,,2026-03-02 07:06:46.961 -0500
BlueCross BlueShield South Carolina,BlueCross BlueShield South Carolina,82,2026-03-02 07:06:46.961 -0500
BlueCross BlueShield South Carolina,InStil Health Insurance,339,2026-03-02 07:06:46.961 -0500
BlueCross BlueShield South Carolina,,,2026-03-02 07:06:46.961 -0500
BlueCross BlueShield Tennessee,BlueCross BlueShield Tennessee,90,2026-03-02 07:06:46.961 -0500
St. Luke's Regional Health Center,Siouxland PACE,776,2026-03-02 07:06:46.961 -0500
St. Luke's Regional Health Center,,,2026-03-02 07:06:46.961 -0500
StarCare Specialty Health,Silver Star,825,2026-03-02 07:06:46.961 -0500
StarCare Specialty Health,,,2026-03-02 07:06:46.961 -0500
Summa Health System,SummaCare,572,2026-03-02 07:06:46.961 -0500
Summa Health System,,,2026-03-02 07:06:46.961 -0500
Sutter Health,Sutter Health Plan,579,2026-03-02 07:06:46.961 -0500
Sutter Health,,,2026-03-02 07:06:46.961 -0500
TRU Community Care,TRU PACE,1061,2026-03-02 07:06:46.961 -0500
TRU Community Care,,,2026-03-02 07:06:46.961 -0500
TakeCare,TakeCare,976,2026-03-02 07:06:46.961 -0500
TakeCare,,,2026-03-02 07:06:46.961 -0500
Texas Children's Hospital,Texas Children's Health,582,2026-03-02 07:06:46.961 -0500
Texas Children's Hospital,,,2026-03-02 07:06:46.961 -0500
Texas Independence Health,Texas Independence Health,1156,2026-03-02 07:06:46.961 -0500
Texas Independence Health,,,2026-03-02 07:06:46.961 -0500
TriWest Alliance,TriWest Healthcare,859,2026-03-02 07:06:46.961 -0500
TriWest Alliance,,,2026-03-02 07:06:46.961 -0500
Trinity Health,LIFE St. Joseph of the Pines,841,2026-03-02 07:06:46.961 -0500
Trinity Health,LIFE St. Mary,823,2026-03-02 07:06:46.961 -0500
Trinity Health,LIFE at Lourdes,805,2026-03-02 07:06:46.961 -0500
Trinity Health,Mercy LIFE,861,2026-03-02 07:06:46.961 -0500
Trinity Health,Mount Carmel MediGold,411,2026-03-02 07:06:46.961 -0500
Trinity Health,Saint Francis LIFE,1245,2026-03-02 07:06:46.961 -0500
Trinity Health,Saint Joseph PACE,1052,2026-03-02 07:06:46.961 -0500
Trinity Health,Senior Care Connection,551,2026-03-02 07:06:46.961 -0500
Trinity Health,Trinity Health Plan,1246,2026-03-02 07:06:46.961 -0500
Trinity Health,,,2026-03-02 07:06:46.961 -0500
Triton Health System,VIVA Health,639,2026-03-02 07:06:46.961 -0500
Triton Health System,,,2026-03-02 07:06:46.961 -0500
Troy Health,Troy Medicare,1130,2026-03-02 07:06:46.961 -0500
Troy Health,,,2026-03-02 07:06:46.961 -0500
UCare,UCare,604,2026-03-02 07:06:46.961 -0500
UCare,,,2026-03-02 07:06:46.961 -0500
UMass Memorial Health Ventures,Mass Advantage,1190,2026-03-02 07:06:46.961 -0500
UMass Memorial Health Ventures,,,2026-03-02 07:06:46.961 -0500
UNICO Premier,PruittHealth,1008,2026-03-02 07:06:46.961 -0500
UNICO Premier,,,2026-03-02 07:06:46.961 -0500
Ultimate Health,Ultimate Health,889,2026-03-02 07:06:46.961 -0500
Ultimate Health,,,2026-03-02 07:06:46.961 -0500
Union Health Service,Union Health Service,606,2026-03-02 07:06:46.961 -0500
Union Health Service,,,2026-03-02 07:06:46.961 -0500
United Methodist Retirement Communities,Huron Valley,971,2026-03-02 07:06:46.961 -0500
United Methodist Retirement Communities,Thome PACE,1020,2026-03-02 07:06:46.961 -0500
United Methodist Retirement Communities,,,2026-03-02 07:06:46.961 -0500
United Mine Workers,United Mine Workers,610,2026-03-02 07:06:46.961 -0500
United Mine Workers,,,2026-03-02 07:06:46.961 -0500
UnitedHealth Group,KelseyCare Advantage,726,2026-03-02 07:06:46.961 -0500
UnitedHealth Group,Peoples Health,580,2026-03-02 07:06:46.961 -0500
UnitedHealth Group,Preferred Care Network,814,2026-03-02 07:06:46.961 -0500
UnitedHealth Group,Preferred Care Partners (FL),485,2026-03-02 07:06:46.961 -0500
UnitedHealth Group,Rocky Mountain Health,527,2026-03-02 07:06:46.961 -0500
UnitedHealth Group,UnitedHealthcare,609,2026-03-02 07:06:46.961 -0500
UnitedHealth Group,UnitedHealthcare Community Plan,829,2026-03-02 07:06:46.961 -0500
UnitedHealth Group,,,2026-03-02 07:06:46.961 -0500
Universal Health Services,Prominence Health,529,2026-03-02 07:06:46.961 -0500
Universal Health Services,,,2026-03-02 07:06:46.961 -0500
University Health Alliance (HI),University Health Alliance (HI),620,2026-03-02 07:06:46.961 -0500
University Health Alliance (HI),,,2026-03-02 07:06:46.961 -0500
University Health System (TX),Community First Health,151,2026-03-02 07:06:46.961 -0500
University Health System (TX),,,2026-03-02 07:06:46.961 -0500
University of Michigan Health-Sparrow,University of Michigan Health,473,2026-03-02 07:06:46.961 -0500
University of Michigan Health-Sparrow,,,2026-03-02 07:06:46.961 -0500
University of Pittsburgh Medical Center,Community LIFE,481,2026-03-02 07:06:46.961 -0500
University of Pittsburgh Medical Center,UPMC Health,624,2026-03-02 07:06:46.961 -0500
University of Pittsburgh Medical Center,,,2026-03-02 07:06:46.961 -0500
University of Utah Health,Health Choice Utah,869,2026-03-02 07:06:46.961 -0500
University of Utah Health,University of Utah Health Plans,316,2026-03-02 07:06:46.961 -0500
University of Utah Health,,,2026-03-02 07:06:46.961 -0500
Uphams Corner Health,Uphams Corner Health,623,2026-03-02 07:06:46.961 -0500
Uphams Corner Health,,,2026-03-02 07:06:46.961 -0500
Upper Peninsula Health,Upper Peninsula Health,625,2026-03-02 07:06:46.961 -0500
Upper Peninsula Health,,,2026-03-02 07:06:46.961 -0500
Utah Retirement,Utah Public Employees Health Program,1030,2026-03-02 07:06:46.961 -0500
Utah Retirement,,,2026-03-02 07:06:46.961 -0500
Valir Health,Valir PACE,993,2026-03-02 07:06:46.961 -0500
Valir Health,,,2026-03-02 07:06:46.961 -0500
Valley Health,Valley Health,630,2026-03-02 07:06:46.961 -0500
Valley Health,,,2026-03-02 07:06:46.961 -0500
Verda Healthcare,Verda Health Plan of Texas,1219,2026-03-02 07:06:46.961 -0500
Verda Healthcare,,,2026-03-02 07:06:46.961 -0500
Village Care of New York,VillageCare,996,2026-03-02 07:06:46.961 -0500
Village Care of New York,,,2026-03-02 07:06:46.961 -0500
Visiting Nurse Service,Visiting Nurse Service,640,2026-03-02 07:06:46.961 -0500
Visiting Nurse Service,,,2026-03-02 07:06:46.961 -0500
Volunteers of America National Services,Senior CommUnity Care,770,2026-03-02 07:06:46.961 -0500
Volunteers of America National Services,,,2026-03-02 07:06:46.961 -0500
WMI Mutual,WMI Mutual,1017,2026-03-02 07:06:46.961 -0500
WMI Mutual,,,2026-03-02 07:06:46.961 -0500
WPS Health,Wisconsin Physician's Service,651,2026-03-02 07:06:46.961 -0500
WPS Health,,,2026-03-02 07:06:46.961 -0500
Washington Regional Medical,PACE of the Ozarks,1119,2026-03-02 07:06:46.961 -0500
Washington Regional Medical,,,2026-03-02 07:06:46.961 -0500
WelbeHealth,Bay Area PACE,1239,2026-03-02 07:06:46.961 -0500
WelbeHealth,Inland Empire PACE,1249,2026-03-02 07:06:46.961 -0500
WelbeHealth,LA Coast PACE,1146,2026-03-02 07:06:46.961 -0500
WelbeHealth,Pacific PACE,1121,2026-03-02 07:06:46.961 -0500
WelbeHealth,Sequoia PACE,1168,2026-03-02 07:06:46.961 -0500
WelbeHealth,Stockton PACE,1089,2026-03-02 07:06:46.961 -0500
WelbeHealth,,,2026-03-02 07:06:46.961 -0500
Wellmark BlueCross BlueShield,Wellmark,645,2026-03-02 07:06:46.961 -0500
Wellmark BlueCross BlueShield,,,2026-03-02 07:06:46.961 -0500
West PACE,West PACE,1124,2026-03-02 07:06:46.961 -0500
West PACE,,,2026-03-02 07:06:46.961 -0500
West Virginia United Health,Peak Health,1218,2026-03-02 07:06:46.961 -0500
West Virginia United Health,,,2026-03-02 07:06:46.961 -0500
Western Health Advantage,Western Health Advantage,648,2026-03-02 07:06:46.961 -0500
Western Health Advantage,,,2026-03-02 07:06:46.961 -0500
Zing Health,Zing Health,1133,2026-03-02 07:06:46.961 -0500
Zing Health,,,2026-03-02 07:06:46.961 -0500
HopeWest,HopeWest PACE,1191,2026-03-02 07:06:46.961 -0500
HopeWest,,,2026-03-02 07:06:46.961 -0500
Horizon Adult Health Care,Horizon PACE,1208,2026-03-02 07:06:46.961 -0500
Horizon Adult Health Care,,,2026-03-02 07:06:46.961 -0500
Horizon Blue Cross Blue Shield of New Jersey,Braven Health,1148,2026-03-02 07:06:46.961 -0500
Horizon Blue Cross Blue Shield of New Jersey,Horizon Blue Cross Blue Shield,324,2026-03-02 07:06:46.961 -0500
Horizon Blue Cross Blue Shield of New Jersey,,,2026-03-02 07:06:46.961 -0500
Hosparus Health,Care Guide Partners PACE,1254,2026-03-02 07:06:46.961 -0500
Hosparus Health,,,2026-03-02 07:06:46.961 -0500
Humana,CarePlus Health,1033,2026-03-02 07:06:46.961 -0500
Humana,Humana,329,2026-03-02 07:06:46.961 -0500
Humana,Humana Military Healthcare Services,858,2026-03-02 07:06:46.961 -0500
Humana,Independent Care Health,334,2026-03-02 07:06:46.961 -0500
Humana,,,2026-03-02 07:06:46.961 -0500
"Humboldt Senior Resource Center, Inc.",Redwood Coast PACE,981,2026-03-02 07:06:46.961 -0500
"Humboldt Senior Resource Center, Inc.",,,2026-03-02 07:06:46.961 -0500
ISNP Ventures,KeyCare Advantage,1132,2026-03-02 07:06:46.961 -0500
ISNP Ventures,,,2026-03-02 07:06:46.961 -0500
Immanuel Pathways,Immanuel Pathways,863,2026-03-02 07:06:46.961 -0500
Immanuel Pathways,,,2026-03-02 07:06:46.961 -0500
Imperial Health Plan of California,Imperial Health,1074,2026-03-02 07:06:46.961 -0500
Imperial Health Plan of California,,,2026-03-02 07:06:46.961 -0500
Independence Health Group,AmeriHealth,30,2026-03-02 07:06:46.961 -0500
Independence Health Group,AmeriHealth Caritas,712,2026-03-02 07:06:46.961 -0500
Independence Health Group,Independence Blue Cross,333,2026-03-02 07:06:46.961 -0500
Independence Health Group,Keystone First,353,2026-03-02 07:06:46.961 -0500
Independence Health Group,Select Health (SC),546,2026-03-02 07:06:46.961 -0500
Independence Health Group,,,2026-03-02 07:06:46.961 -0500
Independent Health,Independent Health,335,2026-03-02 07:06:46.961 -0500
Independent Health,Pharmacy Benefit Dimensions,1006,2026-03-02 07:06:46.961 -0500
Independent Health,,,2026-03-02 07:06:46.961 -0500
Independent Living,Florida Community Care,1105,2026-03-02 07:06:46.961 -0500
Independent Living,Florida Complete Care,1199,2026-03-02 07:06:46.961 -0500
Independent Living,,,2026-03-02 07:06:46.961 -0500
Inland Empire Health,Inland Empire Health,338,2026-03-02 07:06:46.961 -0500
Inland Empire Health,,,2026-03-02 07:06:46.961 -0500
InnovAge,ConcertoPACE of Los Angeles,1210,2026-03-02 07:06:46.961 -0500
InnovAge,InnovAge,592,2026-03-02 07:06:46.961 -0500
InnovAge,,,2026-03-02 07:06:46.961 -0500
Innovative Integrated Health,Bakersfield PACE,1147,2026-03-02 07:06:46.961 -0500
Innovative Integrated Health,Fresno PACE,977,2026-03-02 07:06:46.961 -0500
Innovative Integrated Health,Orange County PACE,1222,2026-03-02 07:06:46.961 -0500
Innovative Integrated Health,,,2026-03-02 07:06:46.961 -0500
Inspira Health,Inspira Health,847,2026-03-02 07:06:46.961 -0500
Inspira Health,,,2026-03-02 07:06:46.961 -0500
Intermountain Healthcare,SelectHealth,549,2026-03-02 07:06:46.961 -0500
Intermountain Healthcare,,,2026-03-02 07:06:46.961 -0500
International Community Health,International Community Health,1122,2026-03-02 07:06:46.961 -0500
International Community Health,,,2026-03-02 07:06:46.961 -0500
Iron Road Healthcare,Iron Road Healthcare,607,2026-03-02 07:06:46.961 -0500
Iron Road Healthcare,,,2026-03-02 07:06:46.961 -0500
Jai Medical Systems,Jai Medical Systems,346,2026-03-02 07:06:46.961 -0500
Jai Medical Systems,,,2026-03-02 07:06:46.961 -0500
Jefferson Health,Jefferson Health Plans,281,2026-03-02 07:06:46.961 -0500
Jefferson Health,,,2026-03-02 07:06:46.961 -0500
Johns Hopkins Healthcare,Johns Hopkins Healthcare,348,2026-03-02 07:06:46.961 -0500
Johns Hopkins Healthcare,Priority Partners,508,2026-03-02 07:06:46.961 -0500
Johns Hopkins Healthcare,,,2026-03-02 07:06:46.961 -0500
Jordan Valley Community Health,Jordan Valley Senior Care,1248,2026-03-02 07:06:46.961 -0500
Jordan Valley Community Health,,,2026-03-02 07:06:46.961 -0500
Kaiser Permanente,Geisinger Health (Risant Health),241,2026-03-02 07:06:46.961 -0500
Kaiser Permanente,Kaiser Permanente,350,2026-03-02 07:06:46.961 -0500
Kaiser Permanente,,,2026-03-02 07:06:46.961 -0500
Kern Health Systems,Kern Health Systems,351,2026-03-02 07:06:46.961 -0500
Kern Health Systems,,,2026-03-02 07:06:46.961 -0500
LIFE Senior Services,LIFE PACE,1003,2026-03-02 07:06:46.961 -0500
LIFE Senior Services,,,2026-03-02 07:06:46.961 -0500
Lawndale Christian Health,PACE Lawndale Christian Health,1250,2026-03-02 07:06:46.961 -0500
Lawndale Christian Health,,,2026-03-02 07:06:46.961 -0500
Leon Health,Leon Health,1189,2026-03-02 07:06:46.961 -0500
Leon Health,,,2026-03-02 07:06:46.961 -0500
Liberty Health Advantage,Liberty Health Advantage,359,2026-03-02 07:06:46.961 -0500
Liberty Health Advantage,,,2026-03-02 07:06:46.961 -0500
LifeBridge Health,Alterwood Advantage,1181,2026-03-02 07:06:46.961 -0500
LifeBridge Health,,,2026-03-02 07:06:46.961 -0500
LifeCircles,LifeCircles,794,2026-03-02 07:06:46.961 -0500
LifeCircles,,,2026-03-02 07:06:46.961 -0500
Lifetime Healthcare,Excellus BlueCross BlueShield,213,2026-03-02 07:06:46.961 -0500
Lifetime Healthcare,,,2026-03-02 07:06:46.961 -0500
Living Independence for the Elderly,LIFE Pittsburgh,364,2026-03-02 07:06:46.961 -0500
Living Independence for the Elderly,,,2026-03-02 07:06:46.961 -0500
Loma Linda University Medical Center,Loma Linda University Health PACE,1243,2026-03-02 07:06:46.961 -0500
Loma Linda University Medical Center,,,2026-03-02 07:06:46.961 -0500
Longevity Health,Longevity Health,1099,2026-03-02 07:06:46.961 -0500
Longevity Health,,,2026-03-02 07:06:46.961 -0500
Loretto,PACE CNY,1032,2026-03-02 07:06:46.961 -0500
Loretto,,,2026-03-02 07:06:46.961 -0500
Los Angeles Jewish Health,Brandman Health,906,2026-03-02 07:06:46.961 -0500
Los Angeles Jewish Health,,,2026-03-02 07:06:46.961 -0500
Lumeris,Essence Healthcare,209,2026-03-02 07:06:46.961 -0500
Lumeris,,,2026-03-02 07:06:46.961 -0500
Lutheran SeniorLife,VieCare LIFE,772,2026-03-02 07:06:46.961 -0500
Lutheran SeniorLife,,,2026-03-02 07:06:46.961 -0500
Lutheran Social Ministries of New Jersey,Lutheran Senior LIFE PACE,826,2026-03-02 07:06:46.961 -0500
Lutheran Social Ministries of New Jersey,,,2026-03-02 07:06:46.961 -0500
MHH Healthcare,GlobalHealth,243,2026-03-02 07:06:46.961 -0500
MHH Healthcare,MCS Health Management,382,2026-03-02 07:06:46.961 -0500
MHH Healthcare,,,2026-03-02 07:06:46.961 -0500
MVP Health Care,MVP Health Care,414,2026-03-02 07:06:46.961 -0500
MVP Health Care,,,2026-03-02 07:06:46.961 -0500
Mail Handlers Benefit,Mail Handlers Benefit,1112,2026-03-02 07:06:46.961 -0500
Mail Handlers Benefit,,,2026-03-02 07:06:46.961 -0500
Marquis Companies,AgeRight Advantage,1044,2026-03-02 07:06:46.961 -0500
Marquis Companies,,,2026-03-02 07:06:46.961 -0500
Martin's Point HealthCare,Martin's Point HealthCare,378,2026-03-02 07:06:46.961 -0500
Martin's Point HealthCare,,,2026-03-02 07:06:46.961 -0500
Maryland Physicians Care,Maryland Physicians Care,379,2026-03-02 07:06:46.961 -0500
Maryland Physicians Care,,,2026-03-02 07:06:46.961 -0500
Massachusetts General Brigham Hospital,Mass General Brigham Health,420,2026-03-02 07:06:46.961 -0500
Massachusetts General Brigham Hospital,,,2026-03-02 07:06:46.961 -0500
