PARENT_NAME,PARENT_ID,CREATED_AT
BlueCross BlueShield Nebraska,986,2026-03-02 07:02:17.900 -0500
BlueCross BlueShield North Dakota,1155,2026-03-02 07:02:17.900 -0500
BlueCross BlueShield Rhode Island,989,2026-03-02 07:02:17.900 -0500
BlueCross BlueShield South Carolina,990,2026-03-02 07:02:17.900 -0500
BlueCross BlueShield Tennessee,992,2026-03-02 07:02:17.900 -0500
BlueCross BlueShield Wyoming,991,2026-03-02 07:02:17.900 -0500
BlueCross Idaho,994,2026-03-02 07:02:17.900 -0500
Bluegrass Care Navigators,2504,2026-03-02 07:02:17.900 -0500
Bluestem Communities,2401,2026-03-02 07:02:17.900 -0500
BoldAge PACE,2515,2026-03-02 07:02:17.900 -0500
Boston Medical Center,2000,2026-03-02 07:02:17.900 -0500
Broward Health and Memorial Healthcare,2095,2026-03-02 07:02:17.900 -0500
C and O Employees' Hospital Association,2001,2026-03-02 07:02:17.900 -0500
CHRISTUS Health,2250,2026-03-02 07:02:17.900 -0500
CVS Health,2141,2026-03-02 07:02:17.900 -0500
Calvo's Insurance Underwriters,2383,2026-03-02 07:02:17.900 -0500
Cambia Health Solutions,1220,2026-03-02 07:02:17.900 -0500
Cambridge Health,2222,2026-03-02 07:02:17.900 -0500
Capital BlueCross,999,2026-03-02 07:02:17.900 -0500
Capital District Physicians' Health Plan,1000,2026-03-02 07:02:17.900 -0500
Capital Healthcare,2509,2026-03-02 07:02:17.900 -0500
Care Resources,2086,2026-03-02 07:02:17.900 -0500
CareFirst,1002,2026-03-02 07:02:17.900 -0500
CareNu,2553,2026-03-02 07:02:17.900 -0500
CareOregon,1885,2026-03-02 07:02:17.900 -0500
CareSource Management Group,1034,2026-03-02 07:02:17.900 -0500
Carle Foundation,2464,2026-03-02 07:02:17.900 -0500
CaroMont Health,2323,2026-03-02 07:02:17.900 -0500
Cascade Comprehensive Care,1886,2026-03-02 07:02:17.900 -0500
Catholic Charities Archdiocese of New Orleans,2240,2026-03-02 07:02:17.900 -0500
Catholic Health Care System,2102,2026-03-02 07:02:17.900 -0500
Catholic Health System Buffalo,2207,2026-03-02 07:02:17.900 -0500
CenCal Health,1942,2026-03-02 07:02:17.900 -0500
Centene,1005,2026-03-02 07:02:17.900 -0500
Center for Elders Independence,2005,2026-03-02 07:02:17.900 -0500
CenterLight Health System,2010,2026-03-02 07:02:17.900 -0500
Centers Plan Healthy Living,2345,2026-03-02 07:02:17.900 -0500
Centra Health,2174,2026-03-02 07:02:17.900 -0500
Central California Alliance for Health,2006,2026-03-02 07:02:17.900 -0500
Champion Health Plans USA,2548,2026-03-02 07:02:17.900 -0500
Cherokee Nation Comprehensive Care,2175,2026-03-02 07:02:17.900 -0500
Children's Wisconsin,2024,2026-03-02 07:02:17.900 -0500
Chinese Community Health,1008,2026-03-02 07:02:17.900 -0500
Cigna Group,1009,2026-03-02 07:02:17.900 -0500
City of Los Angeles,2247,2026-03-02 07:02:17.900 -0500
Esperanza Health,2555,2026-03-02 07:02:17.900 -0500
Eternal Health,2491,2026-03-02 07:02:17.900 -0500
EveryAge,2258,2026-03-02 07:02:17.900 -0500
Fallon Community Health,1049,2026-03-02 07:02:17.900 -0500
Family Health Centers of San Diego,2451,2026-03-02 07:02:17.900 -0500
Family HealthCare Network,2558,2026-03-02 07:02:17.900 -0500
Fenyx Health,2520,2026-03-02 07:02:17.900 -0500
First Medical Health,2068,2026-03-02 07:02:17.900 -0500
First Sacramento Capital Funding,2456,2026-03-02 07:02:17.900 -0500
Florida Blue,982,2026-03-02 07:02:17.900 -0500
Franciscan PACE,2158,2026-03-02 07:02:17.900 -0500
Fresno Community Hospital and Medical Center,2410,2026-03-02 07:02:17.900 -0500
Froedtert Health,2514,2026-03-02 07:02:17.900 -0500
Gold Kidney Health,2508,2026-03-02 07:02:17.900 -0500
Golden Valley Health,2476,2026-03-02 07:02:17.900 -0500
Government Employees Health Association,1063,2026-03-02 07:02:17.900 -0500
Grand Traverse Pavilions,2478,2026-03-02 07:02:17.900 -0500
Grane Healthcare,2224,2026-03-02 07:02:17.900 -0500
Group Health Cooperative Eau Claire,1067,2026-03-02 07:02:17.900 -0500
Group Health Cooperative of South Central Wisconsin,1068,2026-03-02 07:02:17.900 -0500
Harbor Health Services,1923,2026-03-02 07:02:17.900 -0500
Hawaii Medical Assurance Association,1993,2026-03-02 07:02:17.900 -0500
Health Association of Niagara County,2227,2026-03-02 07:02:17.900 -0500
Health Care Service Corporation,1074,2026-03-02 07:02:17.900 -0500
Health First (FL),1075,2026-03-02 07:02:17.900 -0500
Health Plan of the Upper Ohio Valley,1083,2026-03-02 07:02:17.900 -0500
Health Share of Oregon CCO,2269,2026-03-02 07:02:17.900 -0500
HealthPartners (MN),1089,2026-03-02 07:02:17.900 -0500
Healthfirst (NY),1122,2026-03-02 07:02:17.900 -0500
Healthy Mississippi,2556,2026-03-02 07:02:17.900 -0500
Hennepin Health,1860,2026-03-02 07:02:17.900 -0500
Henry Ford Health,2245,2026-03-02 07:02:17.900 -0500
High Desert PACE,2551,2026-03-02 07:02:17.900 -0500
Highmark,1095,2026-03-02 07:02:17.900 -0500
Hope of Southwest Florida,2109,2026-03-02 07:02:17.900 -0500
HopeWest,2496,2026-03-02 07:02:17.900 -0500
Horizon Adult Health Care,2511,2026-03-02 07:02:17.900 -0500
Horizon Blue Cross Blue Shield of New Jersey,1099,2026-03-02 07:02:17.900 -0500
Hosparus Health,2554,2026-03-02 07:02:17.900 -0500
Humana,1100,2026-03-02 07:02:17.900 -0500
"Humboldt Senior Resource Center, Inc.",2341,2026-03-02 07:02:17.900 -0500
ISNP Ventures,2459,2026-03-02 07:02:17.900 -0500
Immanuel Pathways,2238,2026-03-02 07:02:17.900 -0500
Imperial Health Plan of California,2413,2026-03-02 07:02:17.900 -0500
Independence Health Group,1101,2026-03-02 07:02:17.900 -0500
St. Bernards Healthcare,2182,2026-03-02 07:02:17.900 -0500
St. Luke's Health,2500,2026-03-02 07:02:17.900 -0500
St. Luke's Regional Health Center,2237,2026-03-02 07:02:17.900 -0500
StarCare Specialty Health,2211,2026-03-02 07:02:17.900 -0500
Summa Health System,1212,2026-03-02 07:02:17.900 -0500
Sutter Health,1949,2026-03-02 07:02:17.900 -0500
TRU Community Care,2405,2026-03-02 07:02:17.900 -0500
TakeCare,2336,2026-03-02 07:02:17.900 -0500
Texas Children's Hospital,1318,2026-03-02 07:02:17.900 -0500
Texas Independence Health,2470,2026-03-02 07:02:17.900 -0500
TriWest Alliance,2233,2026-03-02 07:02:17.900 -0500
Trinity Health,2277,2026-03-02 07:02:17.900 -0500
Triton Health System,1246,2026-03-02 07:02:17.900 -0500
Troy Health,2457,2026-03-02 07:02:17.900 -0500
UCare,1863,2026-03-02 07:02:17.900 -0500
UMass Memorial Health Ventures,2495,2026-03-02 07:02:17.900 -0500
UNICO Premier,2367,2026-03-02 07:02:17.900 -0500
Ultimate Health,2263,2026-03-02 07:02:17.900 -0500
Union Health Service,1228,2026-03-02 07:02:17.900 -0500
United Methodist Retirement Communities,2330,2026-03-02 07:02:17.900 -0500
United Mine Workers,1657,2026-03-02 07:02:17.900 -0500
UnitedHealth Group,1231,2026-03-02 07:02:17.900 -0500
Universal Health Services,2201,2026-03-02 07:02:17.900 -0500
University Health Alliance (HI),1992,2026-03-02 07:02:17.900 -0500
University Health System (TX),1015,2026-03-02 07:02:17.900 -0500
University of Michigan Health-Sparrow,1868,2026-03-02 07:02:17.900 -0500
University of Pittsburgh Medical Center,1236,2026-03-02 07:02:17.900 -0500
University of Utah Health,1979,2026-03-02 07:02:17.900 -0500
Uphams Corner Health,1953,2026-03-02 07:02:17.900 -0500
Upper Peninsula Health,1237,2026-03-02 07:02:17.900 -0500
Utah Retirement,2385,2026-03-02 07:02:17.900 -0500
Valir Health,2350,2026-03-02 07:02:17.900 -0500
Valley Health,1241,2026-03-02 07:02:17.900 -0500
Verda Healthcare,2518,2026-03-02 07:02:17.900 -0500
Village Care of New York,2353,2026-03-02 07:02:17.900 -0500
Visiting Nurse Service,2067,2026-03-02 07:02:17.900 -0500
Volunteers of America National Services,2154,2026-03-02 07:02:17.900 -0500
WMI Mutual,2375,2026-03-02 07:02:17.900 -0500
WPS Health,1270,2026-03-02 07:02:17.900 -0500
Washington Regional Medical,2447,2026-03-02 07:02:17.900 -0500
WelbeHealth,2421,2026-03-02 07:02:17.900 -0500
Wellmark BlueCross BlueShield,1250,2026-03-02 07:02:17.900 -0500
West PACE,2450,2026-03-02 07:02:17.900 -0500
West Virginia United Health,2517,2026-03-02 07:02:17.900 -0500
Western Health Advantage,1255,2026-03-02 07:02:17.900 -0500
Zing Health,2460,2026-03-02 07:02:17.900 -0500
Independent Health,1102,2026-03-02 07:02:17.900 -0500
Independent Living,2435,2026-03-02 07:02:17.900 -0500
Inland Empire Health,1104,2026-03-02 07:02:17.900 -0500
InnovAge,1981,2026-03-02 07:02:17.900 -0500
Innovative Integrated Health,2466,2026-03-02 07:02:17.900 -0500
Inspira Health,2364,2026-03-02 07:02:17.900 -0500
Intermountain Healthcare,1108,2026-03-02 07:02:17.900 -0500
International Community Health,2449,2026-03-02 07:02:17.900 -0500
Iron Road Healthcare,1229,2026-03-02 07:02:17.900 -0500
Jai Medical Systems,1930,2026-03-02 07:02:17.900 -0500
Jefferson Health,2487,2026-03-02 07:02:17.900 -0500
Johns Hopkins Healthcare,1469,2026-03-02 07:02:17.900 -0500
Jordan Valley Community Health,2550,2026-03-02 07:02:17.900 -0500
Kaiser Permanente,1112,2026-03-02 07:02:17.900 -0500
Kern Health Systems,1272,2026-03-02 07:02:17.900 -0500
LIFE Senior Services,2359,2026-03-02 07:02:17.900 -0500
Lawndale Christian Health,2552,2026-03-02 07:02:17.900 -0500
Leon Health,2494,2026-03-02 07:02:17.900 -0500
Liberty Health Advantage,2043,2026-03-02 07:02:17.900 -0500
LifeBridge Health,2546,2026-03-02 07:02:17.900 -0500
LifeCircles,2183,2026-03-02 07:02:17.900 -0500
Lifetime Healthcare,1047,2026-03-02 07:02:17.900 -0500
Living Independence for the Elderly,1963,2026-03-02 07:02:17.900 -0500
Loma Linda University Medical Center,2547,2026-03-02 07:02:17.900 -0500
Longevity Health,2430,2026-03-02 07:02:17.900 -0500
Loretto,2387,2026-03-02 07:02:17.900 -0500
Los Angeles Jewish Health,2273,2026-03-02 07:02:17.900 -0500
Lumeris,2503,2026-03-02 07:02:17.900 -0500
Lutheran SeniorLife,2156,2026-03-02 07:02:17.900 -0500
Lutheran Social Ministries of New Jersey,2329,2026-03-02 07:02:17.900 -0500
MHH Healthcare,2483,2026-03-02 07:02:17.900 -0500
MVP Health Care,1146,2026-03-02 07:02:17.900 -0500
Mail Handlers Benefit,2442,2026-03-02 07:02:17.900 -0500
Marquis Companies,2393,2026-03-02 07:02:17.900 -0500
Martin's Point HealthCare,2062,2026-03-02 07:02:17.900 -0500
Maryland Physicians Care,1932,2026-03-02 07:02:17.900 -0500
Massachusetts General Brigham Hospital,2260,2026-03-02 07:02:17.900 -0500
McGregor,1913,2026-03-02 07:02:17.900 -0500
McLaren Health Care,1126,2026-03-02 07:02:17.900 -0500
MedImpact,2432,2026-03-02 07:02:17.900 -0500
MedStar Health,1924,2026-03-02 07:02:17.900 -0500
"Medi-Excel, S.A. de C.V.",2409,2026-03-02 07:02:17.900 -0500
Medica (MN),1127,2026-03-02 07:02:17.900 -0500
Medical Associates Clinic and Health Plans,1128,2026-03-02 07:02:17.900 -0500
Medical Mutual,1129,2026-03-02 07:02:17.900 -0500
Pennsylvania Public School Employees` Retirement,2128,2026-03-02 07:02:17.900 -0500
Perennial Consortium,2475,2026-03-02 07:02:17.900 -0500
Pharmastar,2340,2026-03-02 07:02:17.900 -0500
Piedmont Health Services,2184,2026-03-02 07:02:17.900 -0500
Plan Medico Servicios de Salud Bella Vista,2197,2026-03-02 07:02:17.900 -0500
Point32Health,1225,2026-03-02 07:02:17.900 -0500
Premera Blue Cross,1184,2026-03-02 07:02:17.900 -0500
Presbyterian Health,1185,2026-03-02 07:02:17.900 -0500
PrimeWest Health,1976,2026-03-02 07:02:17.900 -0500
Prisma Health,2462,2026-03-02 07:02:17.900 -0500
Providence Health,1191,2026-03-02 07:02:17.900 -0500
Quartz Health,2439,2026-03-02 07:02:17.900 -0500
Randolph Hospital,2349,2026-03-02 07:02:17.900 -0500
Regents University of California,2557,2026-03-02 07:02:17.900 -0500
Region VII AAA,2497,2026-03-02 07:02:17.900 -0500
Reid Health,2485,2026-03-02 07:02:17.900 -0500
Renown Health,1248,2026-03-02 07:02:17.900 -0500
Rifkin Managed Care,2386,2026-03-02 07:02:17.900 -0500
RiverSpring Health,2351,2026-03-02 07:02:17.900 -0500
Riverside Retirement Services,2123,2026-03-02 07:02:17.900 -0500
Rochester Regional Health,2324,2026-03-02 07:02:17.900 -0500
Rocky Mountain Health Care Services,2185,2026-03-02 07:02:17.900 -0500
Rural Carrier Benefit,2443,2026-03-02 07:02:17.900 -0500
Ryder Memorial Hospital,2418,2026-03-02 07:02:17.900 -0500
SAMBA Health Benefit,2381,2026-03-02 07:02:17.900 -0500
SCAN,1201,2026-03-02 07:02:17.900 -0500
SIHO,2473,2026-03-02 07:02:17.900 -0500
Saint Francis Health,1348,2026-03-02 07:02:17.900 -0500
Samaritan Health Services,1876,2026-03-02 07:02:17.900 -0500
San Ysidro Health,2357,2026-03-02 07:02:17.900 -0500
Sanford Health,1209,2026-03-02 07:02:17.900 -0500
Schroer Group,2422,2026-03-02 07:02:17.900 -0500
Scripps Health,1944,2026-03-02 07:02:17.900 -0500
Select Founders,2355,2026-03-02 07:02:17.900 -0500
Sendero Health,2246,2026-03-02 07:02:17.900 -0500
SeniorSelect Partners,2415,2026-03-02 07:02:17.900 -0500
Sentara Health,996,2026-03-02 07:02:17.900 -0500
Sharp HealthCare,1208,2026-03-02 07:02:17.900 -0500
Signature Advantage,2366,2026-03-02 07:02:17.900 -0500
Sistemas Medicos Nacionales,1287,2026-03-02 07:02:17.900 -0500
Solis Health,2424,2026-03-02 07:02:17.900 -0500
Sonder Health,2474,2026-03-02 07:02:17.900 -0500
South Country Health Alliance,1977,2026-03-02 07:02:17.900 -0500
Southeastern Indiana Health Insurance,1210,2026-03-02 07:02:17.900 -0500
Southwest Catholic Health,1970,2026-03-02 07:02:17.900 -0500
City of San Francisco,1199,2026-03-02 07:02:17.900 -0500
Clever Care Health,2472,2026-03-02 07:02:17.900 -0500
Clover Health,1178,2026-03-02 07:02:17.900 -0500
Colorado Access,1011,2026-03-02 07:02:17.900 -0500
Commonwealth Care Alliance,2007,2026-03-02 07:02:17.900 -0500
CommuniCare Health,2477,2026-03-02 07:02:17.900 -0500
Community Care (WI),1937,2026-03-02 07:02:17.900 -0500
Community Care of Western NY,2241,2026-03-02 07:02:17.900 -0500
Community Eldercare of San Diego,2105,2026-03-02 07:02:17.900 -0500
Community Health Choice (TX),1016,2026-03-02 07:02:17.900 -0500
Community Health Group (CA),1017,2026-03-02 07:02:17.900 -0500
Community Health Options,2292,2026-03-02 07:02:17.900 -0500
Community Health Plan (WA),1308,2026-03-02 07:02:17.900 -0500
Community Hospice of Northeast Florida,2465,2026-03-02 07:02:17.900 -0500
Community PACE at Home,2408,2026-03-02 07:02:17.900 -0500
Compass Rose Benefits,2380,2026-03-02 07:02:17.900 -0500
Comprehensive Senior Care,2199,2026-03-02 07:02:17.900 -0500
Cone Health,2371,2026-03-02 07:02:17.900 -0500
Consolidated Association of RR Employees,1914,2026-03-02 07:02:17.900 -0500
Contra Costa Health Services,1026,2026-03-02 07:02:17.900 -0500
Cook Children's Health,1310,2026-03-02 07:02:17.900 -0500
Cook County Health and Hospitals,2420,2026-03-02 07:02:17.900 -0500
Corewell Health,2217,2026-03-02 07:02:17.900 -0500
"Counties of Fresno, Kings and Madera",2216,2026-03-02 07:02:17.900 -0500
County of Itasca,1975,2026-03-02 07:02:17.900 -0500
County of Orange,2248,2026-03-02 07:02:17.900 -0500
County of San Joaquin,1217,2026-03-02 07:02:17.900 -0500
County of San Mateo,1882,2026-03-02 07:02:17.900 -0500
County of Santa Clara,1200,2026-03-02 07:02:17.900 -0500
County of Ventura,1243,2026-03-02 07:02:17.900 -0500
CoxHealth,1030,2026-03-02 07:02:17.900 -0500
CuraCor dba BlueCross BlueShield North Carolina,987,2026-03-02 07:02:17.900 -0500
Curana Health,2458,2026-03-02 07:02:17.900 -0500
Delaware Life,2437,2026-03-02 07:02:17.900 -0500
Denver Health and Hospital Authority,1037,2026-03-02 07:02:17.900 -0500
Devoted Health,2423,2026-03-02 07:02:17.900 -0500
Doctors Healthcare,2429,2026-03-02 07:02:17.900 -0500
Douglas County IPA,1874,2026-03-02 07:02:17.900 -0500
Driscoll Children's Health,1915,2026-03-02 07:02:17.900 -0500
EMI Health,1994,2026-03-02 07:02:17.900 -0500
East Boston Health,1917,2026-03-02 07:02:17.900 -0500
El Paso Health,1043,2026-03-02 07:02:17.900 -0500
Element Care,2403,2026-03-02 07:02:17.900 -0500
Elevance Health,1251,2026-03-02 07:02:17.900 -0500
EmblemHealth,2096,2026-03-02 07:02:17.900 -0500
Empath Health,2242,2026-03-02 07:02:17.900 -0500
Memorial Hermann Healthcare System,2344,2026-03-02 07:02:17.900 -0500
MemorialCare Health,2407,2026-03-02 07:02:17.900 -0500
Mending,2501,2026-03-02 07:02:17.900 -0500
Mennonite General Hospital,2114,2026-03-02 07:02:17.900 -0500
MercyCare Insurance,1136,2026-03-02 07:02:17.900 -0500
MetroPlus Health,1899,2026-03-02 07:02:17.900 -0500
Metropolitan Jewish Health System,1934,2026-03-02 07:02:17.900 -0500
Miami Jewish Health,2076,2026-03-02 07:02:17.900 -0500
Mid Rogue IPA,1879,2026-03-02 07:02:17.900 -0500
Midland Hospice,2116,2026-03-02 07:02:17.900 -0500
Midwest Christian Villages,2505,2026-03-02 07:02:17.900 -0500
Milford Wellness Village PACE,2506,2026-03-02 07:02:17.900 -0500
Mission Health,2354,2026-03-02 07:02:17.900 -0500
Missouri Healthcare Advisors,2395,2026-03-02 07:02:17.900 -0500
Moda Health,2271,2026-03-02 07:02:17.900 -0500
Molina Healthcare,1142,2026-03-02 07:02:17.900 -0500
Montage Health,2484,2026-03-02 07:02:17.900 -0500
Montana Health CO-OP,2296,2026-03-02 07:02:17.900 -0500
MorseLife Home Care,2318,2026-03-02 07:02:17.900 -0500
MotivHealth,2376,2026-03-02 07:02:17.900 -0500
Mount Sinai Medical Center Florida,2516,2026-03-02 07:02:17.900 -0500
Mountain Empire Older Citizens,2153,2026-03-02 07:02:17.900 -0500
MultiCare Health System,2498,2026-03-02 07:02:17.900 -0500
NALC Health Benefit,2379,2026-03-02 07:02:17.900 -0500
NY Hotel Trades,1935,2026-03-02 07:02:17.900 -0500
Nascentia Health Plus,2448,2026-03-02 07:02:17.900 -0500
Neighborhood Health Plan (RI),1151,2026-03-02 07:02:17.900 -0500
Neighborhood Healthcare,2492,2026-03-02 07:02:17.900 -0500
New York State Hamaspik,2469,2026-03-02 07:02:17.900 -0500
NewCourtland LIFE,2213,2026-03-02 07:02:17.900 -0500
North East Medical,2486,2026-03-02 07:02:17.900 -0500
Northland Healthcare,2180,2026-03-02 07:02:17.900 -0500
Ochsner Health,2490,2026-03-02 07:02:17.900 -0500
On Lok,1936,2026-03-02 07:02:17.900 -0500
One Senior Care,2512,2026-03-02 07:02:17.900 -0500
Orangeburg Senior Helping Center,2155,2026-03-02 07:02:17.900 -0500
Oscar Insurance,2308,2026-03-02 07:02:17.900 -0500
PACE Central Michigan,2446,2026-03-02 07:02:17.900 -0500
"PACE of the Southern Piedmont, Inc.",2282,2026-03-02 07:02:17.900 -0500
PACE of the Triad,2225,2026-03-02 07:02:17.900 -0500
PACE@Home,2243,2026-03-02 07:02:17.900 -0500
PHSI,2377,2026-03-02 07:02:17.900 -0500
Pace Organization of Rhode Island,2078,2026-03-02 07:02:17.900 -0500
PacificSource Health,1165,2026-03-02 07:02:17.900 -0500
Parkland Health and Hospital System,1168,2026-03-02 07:02:17.900 -0500
Partnership Health Plan (CA),1286,2026-03-02 07:02:17.900 -0500
A and D Charitable Foundation,2360,2026-03-02 07:02:17.900 -0500
AIDS Healthcare Foundation,2051,2026-03-02 07:02:17.900 -0500
APWU Health,2382,2026-03-02 07:02:17.900 -0500
ATRIO Health,1910,2026-03-02 07:02:17.900 -0500
Advanced Health,1873,2026-03-02 07:02:17.900 -0500
AgeWell PACE,2519,2026-03-02 07:02:17.900 -0500
Aging In Home Services Northeast IN,2493,2026-03-02 07:02:17.900 -0500
Alameda Alliance for Health,957,2026-03-02 07:02:17.900 -0500
Alignment Healthcare USA,2337,2026-03-02 07:02:17.900 -0500
Alliant Health,1866,2026-03-02 07:02:17.900 -0500
AlohaCare,1991,2026-03-02 07:02:17.900 -0500
Altamed Health Services,1997,2026-03-02 07:02:17.900 -0500
Amarillo Multiservice Center for the Aging,1998,2026-03-02 07:02:17.900 -0500
American Foreign Service Protective,2441,2026-03-02 07:02:17.900 -0500
American Health,2431,2026-03-02 07:02:17.900 -0500
Amida Care,2214,2026-03-02 07:02:17.900 -0500
Angle Health,2499,2026-03-02 07:02:17.900 -0500
Antidote Health Group,2549,2026-03-02 07:02:17.900 -0500
Appalachian Agency for Senior Citizens,2172,2026-03-02 07:02:17.900 -0500
Area Agency on Aging,2257,2026-03-02 07:02:17.900 -0500
Arkansas BlueCross BlueShield,964,2026-03-02 07:02:17.900 -0500
Asbury Communities,2502,2026-03-02 07:02:17.900 -0500
Ascendiun dba Blue Shield California,979,2026-03-02 07:02:17.900 -0500
Ascension Health,2239,2026-03-02 07:02:17.900 -0500
Aspirus Health,2510,2026-03-02 07:02:17.900 -0500
Astiva Health,2471,2026-03-02 07:02:17.900 -0500
AtlantiCare Health,968,2026-03-02 07:02:17.900 -0500
Aultman Health,2136,2026-03-02 07:02:17.900 -0500
Avera Health,970,2026-03-02 07:02:17.900 -0500
Banner Health,1325,2026-03-02 07:02:17.900 -0500
Baptist Health,2388,2026-03-02 07:02:17.900 -0500
BayCare Health,2428,2026-03-02 07:02:17.900 -0500
Baylor Scott and White,1202,2026-03-02 07:02:17.900 -0500
Baystate Health,2249,2026-03-02 07:02:17.900 -0500
Bienvivir Senior Health,1999,2026-03-02 07:02:17.900 -0500
Blue Cross and Blue Shield of Alabama,975,2026-03-02 07:02:17.900 -0500
BlueCross BlueShield Arizona,981,2026-03-02 07:02:17.900 -0500
BlueCross BlueShield Hawaii (HMSA),1072,2026-03-02 07:02:17.900 -0500
BlueCross BlueShield Kansas,1862,2026-03-02 07:02:17.900 -0500
BlueCross BlueShield Kansas City,983,2026-03-02 07:02:17.900 -0500
BlueCross BlueShield Louisiana,1118,2026-03-02 07:02:17.900 -0500
BlueCross BlueShield Massachusetts,984,2026-03-02 07:02:17.900 -0500
BlueCross BlueShield Michigan,985,2026-03-02 07:02:17.900 -0500
BlueCross BlueShield Minnesota,976,2026-03-02 07:02:17.900 -0500
BlueCross BlueShield Mississippi,1262,2026-03-02 07:02:17.900 -0500
